,epoch,train/eval,batch_size,loss,acc,correct
0,0,train,32,5.261387825012207,,1
0,0,train,32,5.283724784851074,,0
0,0,train,32,5.376276016235352,,0
0,0,train,32,5.218053817749023,,1
0,0,train,32,5.347933292388916,,1
0,0,train,32,5.266463279724121,,1
0,0,train,32,5.275278091430664,,0
0,0,train,32,5.301470756530762,,1
0,0,train,32,5.267286777496338,,1
0,0,train,32,5.2190117835998535,,2
0,0,train,32,5.334434509277344,,0
0,0,train,32,5.286008358001709,,0
0,0,train,32,5.310269355773926,,0
0,0,train,32,5.267287254333496,,0
0,0,train,32,5.320786476135254,,0
0,0,train,32,5.278685569763184,,0
0,0,train,32,5.302042484283447,,0
0,0,train,32,5.3937907218933105,,0
0,0,train,32,5.283740043640137,,0
0,0,train,32,5.359652519226074,,0
0,0,train,32,5.352602958679199,,0
0,0,train,32,5.292158603668213,,0
0,0,train,32,5.318652629852295,,0
0,0,train,32,5.449069023132324,,0
0,0,train,32,5.2811479568481445,,0
0,0,train,32,5.312438488006592,,0
0,0,train,32,5.3221588134765625,,0
0,0,train,32,5.257349491119385,,0
0,0,train,32,5.330053329467773,,1
0,0,train,32,5.304866313934326,,0
0,0,train,32,5.323031902313232,,0
0,0,train,32,5.265262603759766,,0
0,0,train,32,5.293384552001953,,0
0,0,train,32,5.326544284820557,,0
0,0,train,32,5.288300037384033,,0
0,0,train,32,5.316532611846924,,0
0,0,train,32,5.317376613616943,,0
0,0,train,32,5.364697456359863,,0
0,0,train,32,5.254601001739502,,0
0,0,train,32,5.320107460021973,,0
0,0,train,32,5.337204933166504,,1
0,0,train,32,5.297380447387695,,0
0,0,train,32,5.363824844360352,,0
0,0,train,32,5.251760005950928,,0
0,0,train,32,5.257933139801025,,1
0,0,train,32,5.249343395233154,,0
0,0,train,32,5.296828269958496,,0
0,0,train,32,5.338934898376465,,0
0,0,train,32,5.321255683898926,,0
0,0,train,32,5.27390193939209,,0
0,0,train,32,5.278661727905273,,0
0,0,train,32,5.199605941772461,,0
0,0,train,32,5.280789375305176,,0
0,0,train,32,5.341212272644043,,0
0,0,train,32,5.27658224105835,,0
0,0,train,32,5.305891036987305,,0
0,0,train,32,5.278470993041992,,0
0,0,train,32,5.257806301116943,,1
0,0,train,32,5.296656608581543,,0
0,0,train,32,5.297677516937256,,0
0,0,train,32,5.337439060211182,,1
0,0,train,32,5.290375709533691,,0
0,0,train,32,5.320283889770508,,1
0,0,train,32,5.294475078582764,,0
0,0,train,32,5.299391746520996,,0
0,0,train,32,5.304397106170654,,0
0,0,train,32,5.286220550537109,,0
0,0,train,32,5.255837440490723,,2
0,0,train,32,5.300197124481201,,0
0,0,train,32,5.352816104888916,,0
0,0,train,32,5.3182373046875,,0
0,0,train,32,5.3756537437438965,,0
0,0,train,32,5.205369472503662,,0
0,0,train,32,5.228643417358398,,0
0,0,train,32,5.276233196258545,,0
0,0,train,32,5.350299835205078,,0
0,0,train,32,5.213551044464111,,0
0,0,train,32,5.211105823516846,,1
0,0,train,32,5.29317569732666,,0
0,0,train,32,5.341818809509277,,0
0,0,train,32,5.171729564666748,,0
0,0,train,32,5.310493469238281,,0
0,0,train,32,5.2761945724487305,,1
0,0,train,32,5.2646307945251465,,0
0,0,train,32,5.273260593414307,,0
0,0,train,32,5.321270942687988,,0
0,0,train,32,5.302183151245117,,0
0,0,train,32,5.273874759674072,,0
0,0,train,32,5.2968926429748535,,0
0,0,train,32,5.293639659881592,,0
0,0,train,32,5.292421817779541,,0
0,0,train,32,5.322299003601074,,0
0,0,train,32,5.294653415679932,,0
0,0,train,32,5.291262149810791,,0
0,0,train,32,5.208110809326172,,0
0,0,train,32,5.256967067718506,,0
0,0,train,32,5.2563323974609375,,0
0,0,train,32,5.301334857940674,,0
0,0,train,32,5.228368282318115,,1
0,0,train,32,5.259674549102783,,0
0,0,train,32,5.303545951843262,,0
0,0,train,32,5.16925048828125,,1
0,0,train,32,5.226364612579346,,0
0,0,train,32,5.328072547912598,,0
0,0,train,32,5.341796875,,0
0,0,train,32,5.281370162963867,,0
0,0,train,32,5.309563636779785,,0
0,0,train,32,5.281272888183594,,0
0,0,train,32,5.264352321624756,,0
0,0,train,32,5.261899948120117,,0
0,0,train,32,5.199166774749756,,1
0,0,train,32,5.238723278045654,,0
0,0,train,32,5.3229522705078125,,0
0,0,train,32,5.275453567504883,,0
0,0,train,32,5.207059860229492,,0
0,0,train,32,5.216575622558594,,1
0,0,train,32,5.2829718589782715,,0
0,0,train,32,5.2192301750183105,,0
0,0,train,32,5.232368469238281,,1
0,0,train,32,5.342532157897949,,0
0,0,train,32,5.292266845703125,,0
0,0,train,32,5.268553733825684,,0
0,0,train,32,5.21793270111084,,0
0,0,train,32,5.275153160095215,,1
0,0,train,32,5.266249179840088,,0
0,0,train,32,5.219344139099121,,0
0,0,train,32,5.247605323791504,,0
0,0,train,32,5.232779026031494,,1
0,0,train,32,5.328433990478516,,0
0,0,train,32,5.230485916137695,,0
0,0,train,32,5.248468399047852,,0
0,0,train,32,5.224520206451416,,0
0,0,train,32,5.286365509033203,,0
0,0,train,32,5.21651554107666,,0
0,0,train,32,5.236891269683838,,0
0,0,train,32,5.203927040100098,,0
0,0,train,32,5.1713104248046875,,1
0,0,train,32,5.264856338500977,,0
0,0,train,32,5.1372456550598145,,3
0,0,train,32,5.218417644500732,,0
0,0,train,32,5.122251510620117,,0
0,0,train,32,5.19081449508667,,1
0,0,train,32,5.151594161987305,,0
0,0,train,32,5.190876007080078,,1
0,0,train,32,5.1896443367004395,,1
0,0,train,32,5.107891082763672,,0
0,0,train,32,5.232934951782227,,0
0,0,train,32,5.224565505981445,,0
0,0,train,32,5.280685901641846,,1
0,0,train,32,5.282193660736084,,1
0,0,train,32,5.277418613433838,,1
0,0,train,32,5.191338539123535,,0
0,0,train,32,5.220218181610107,,0
0,0,train,32,5.248205661773682,,0
0,0,train,32,5.222497940063477,,1
0,0,train,32,5.251853942871094,,0
0,0,train,32,5.277010440826416,,0
0,0,train,32,5.229045391082764,,0
0,0,train,32,5.235698223114014,,0
0,0,train,32,5.239758014678955,,1
0,0,train,32,5.173498153686523,,0
0,0,train,32,5.229229927062988,,0
0,0,train,32,5.211106300354004,,0
0,0,train,32,5.2531819343566895,,1
0,0,train,32,5.134456157684326,,2
0,0,train,32,5.22859001159668,,1
0,0,train,32,5.282442569732666,,2
0,0,train,32,5.2714033126831055,,0
0,0,train,32,5.34345006942749,,0
0,0,train,32,5.259946346282959,,0
0,0,train,32,5.264474391937256,,0
0,0,train,32,5.150142669677734,,1
0,0,train,32,5.146870136260986,,1
0,0,train,32,5.200901985168457,,1
0,0,train,32,5.153641223907471,,3
0,0,train,32,5.177650451660156,,0
0,0,train,32,5.163990020751953,,0
0,0,train,32,5.189690113067627,,0
0,0,train,32,5.214519500732422,,0
0,0,train,32,5.124510288238525,,1
0,0,train,32,5.282381057739258,,1
0,0,train,32,5.138179779052734,,1
0,0,train,32,5.172238826751709,,4
0,0,train,32,5.317532539367676,,0
0,0,train,32,5.231118202209473,,1
0,0,train,32,5.1979289054870605,,1
0,0,train,32,5.163980484008789,,0
0,0,train,32,5.260432720184326,,0
0,0,train,32,5.15451717376709,,3
0,0,train,32,5.209526062011719,,0
0,0,train,32,5.226493835449219,,0
0,0,train,32,5.2218337059021,,1
0,0,train,32,5.2344465255737305,,1
0,0,train,32,5.208137512207031,,0
0,0,train,32,5.1696343421936035,,0
0,0,train,32,5.175998210906982,,2
0,0,train,32,5.277266502380371,,0
0,0,train,32,5.122687339782715,,3
0,0,train,32,5.247837066650391,,0
0,0,train,32,5.128244400024414,,1
0,0,train,32,5.225823402404785,,0
0,0,train,32,5.154807090759277,,2
0,0,train,32,5.125092506408691,,0
0,0,train,5,5.181766510009766,,0
0,0,val,32,164.8519744873047,9.375,3
0,0,val,32,164.9553680419922,6.25,2
0,0,val,32,165.51214599609375,0.0,0
0,0,val,32,165.34376525878906,3.125,1
0,0,val,32,163.88363647460938,6.25,2
0,0,val,32,165.40982055664062,0.0,0
0,0,val,32,166.41038513183594,3.125,1
0,0,val,32,164.61573791503906,3.125,1
0,0,val,32,164.8355712890625,3.125,1
0,0,val,32,166.2071075439453,0.0,0
0,0,val,32,166.14971923828125,0.0,0
0,0,val,32,164.5250701904297,0.0,0
0,0,val,32,162.05288696289062,9.375,3
0,0,val,32,162.9825897216797,0.0,0
0,0,val,32,164.4387969970703,12.5,4
0,0,val,32,166.45657348632812,0.0,0
0,0,val,32,166.74807739257812,6.25,2
0,0,val,32,163.13548278808594,3.125,1
0,0,val,32,166.832763671875,0.0,0
0,0,val,32,166.57904052734375,0.0,0
0,0,val,32,164.75315856933594,3.125,1
0,0,val,32,166.13848876953125,0.0,0
0,0,val,32,164.21636962890625,0.0,0
0,0,val,32,167.8992919921875,0.0,0
0,0,val,32,164.21261596679688,3.125,1
0,0,val,32,164.42581176757812,6.25,2
0,0,val,32,166.14964294433594,0.0,0
0,0,val,32,167.05694580078125,0.0,0
0,0,val,32,167.95912170410156,0.0,0
0,0,val,32,165.3155975341797,0.0,0
0,0,val,32,164.23770141601562,0.0,0
0,0,val,32,165.112548828125,0.0,0
0,0,val,32,167.03306579589844,3.125,1
0,0,val,32,164.483642578125,6.25,2
0,0,val,32,165.1323699951172,3.125,1
0,0,val,32,166.07827758789062,6.25,2
0,0,val,32,167.26254272460938,0.0,0
0,0,val,32,166.40478515625,0.0,0
0,0,val,32,165.77589416503906,3.125,1
0,0,val,32,168.06149291992188,0.0,0
0,0,val,32,166.3365020751953,3.125,1
0,0,val,32,167.3295440673828,0.0,0
0,0,val,32,165.552734375,3.125,1
0,0,val,32,165.60739135742188,3.125,1
0,0,val,32,164.15890502929688,0.0,0
0,0,val,32,164.66712951660156,0.0,0
0,0,val,32,162.46719360351562,3.125,1
0,0,val,32,164.886962890625,0.0,0
0,0,val,32,168.08030700683594,0.0,0
0,0,val,32,166.2383270263672,0.0,0
0,0,val,25,129.38275337219238,3.125,1
0,1,train,32,5.03098201751709,,2
0,1,train,32,5.112244606018066,,1
0,1,train,32,5.051224708557129,,0
0,1,train,32,5.041372299194336,,2
0,1,train,32,5.0482659339904785,,2
0,1,train,32,4.9767374992370605,,4
0,1,train,32,5.06607723236084,,2
0,1,train,32,5.050874710083008,,1
0,1,train,32,5.010015964508057,,2
0,1,train,32,5.048737049102783,,0
0,1,train,32,5.06728982925415,,3
0,1,train,32,4.961833953857422,,7
0,1,train,32,5.002767562866211,,1
0,1,train,32,5.060101509094238,,1
0,1,train,32,5.027975082397461,,0
0,1,train,32,5.071602821350098,,2
0,1,train,32,5.122770309448242,,0
0,1,train,32,5.105624675750732,,1
0,1,train,32,5.13096809387207,,1
0,1,train,32,5.065555095672607,,0
0,1,train,32,5.162755012512207,,0
0,1,train,32,5.072652339935303,,2
0,1,train,32,5.042898654937744,,1
0,1,train,32,5.079690456390381,,3
0,1,train,32,5.135659694671631,,1
0,1,train,32,4.988893032073975,,4
0,1,train,32,5.06239652633667,,1
0,1,train,32,5.07592248916626,,2
0,1,train,32,4.992924213409424,,4
0,1,train,32,4.936868190765381,,3
0,1,train,32,5.115818977355957,,2
0,1,train,32,5.099364280700684,,1
0,1,train,32,4.966333389282227,,2
0,1,train,32,5.030243873596191,,2
0,1,train,32,5.086976528167725,,0
0,1,train,32,5.040696620941162,,1
0,1,train,32,4.982010841369629,,2
0,1,train,32,4.932552814483643,,2
0,1,train,32,4.992551803588867,,2
0,1,train,32,5.006255149841309,,0
0,1,train,32,5.11461067199707,,0
0,1,train,32,5.024482250213623,,3
0,1,train,32,5.071939945220947,,3
0,1,train,32,4.981350421905518,,1
0,1,train,32,5.081643581390381,,2
0,1,train,32,5.030720233917236,,2
0,1,train,32,5.093104362487793,,3
0,1,train,32,4.9908270835876465,,1
0,1,train,32,5.0638346672058105,,2
0,1,train,32,5.129138469696045,,0
0,1,train,32,4.959465503692627,,3
0,1,train,32,4.953661918640137,,4
0,1,train,32,4.987389087677002,,2
0,1,train,32,5.094423770904541,,1
0,1,train,32,4.955837726593018,,2
0,1,train,32,5.1742401123046875,,1
0,1,train,32,5.048059940338135,,1
0,1,train,32,5.03192663192749,,2
0,1,train,32,5.141000270843506,,1
0,1,train,32,5.1657395362854,,0
0,1,train,32,5.050748825073242,,1
0,1,train,32,4.896290302276611,,4
0,1,train,32,4.988006114959717,,2
0,1,train,32,4.934576988220215,,4
0,1,train,32,4.9928669929504395,,3
0,1,train,32,4.814159393310547,,6
0,1,train,32,5.008497714996338,,3
0,1,train,32,4.903100967407227,,3
0,1,train,32,4.94365119934082,,2
0,1,train,32,5.042694091796875,,1
0,1,train,32,5.088482856750488,,2
0,1,train,32,4.978983402252197,,3
0,1,train,32,5.051761150360107,,2
0,1,train,32,4.941190242767334,,3
0,1,train,32,4.9944305419921875,,2
0,1,train,32,4.969284534454346,,1
0,1,train,32,5.0494184494018555,,3
0,1,train,32,4.9968085289001465,,4
0,1,train,32,4.97767448425293,,2
0,1,train,32,5.008541584014893,,3
0,1,train,32,4.930190086364746,,3
0,1,train,32,5.0187458992004395,,0
0,1,train,32,4.976351261138916,,2
0,1,train,32,4.972929954528809,,2
0,1,train,32,4.934162616729736,,0
0,1,train,32,5.0021071434021,,3
0,1,train,32,4.930042266845703,,4
0,1,train,32,4.9624128341674805,,1
0,1,train,32,4.901759147644043,,2
0,1,train,32,5.019364833831787,,2
0,1,train,32,5.037043571472168,,2
0,1,train,32,4.7927470207214355,,4
0,1,train,32,4.9186787605285645,,1
0,1,train,32,4.998340606689453,,2
0,1,train,32,4.962862491607666,,1
0,1,train,32,5.1536712646484375,,0
0,1,train,32,4.964326858520508,,2
0,1,train,32,5.033875942230225,,2
0,1,train,32,4.978168487548828,,2
0,1,train,32,4.980823040008545,,1
0,1,train,32,5.081400394439697,,0
0,1,train,32,4.996140480041504,,2
0,1,train,32,4.864215850830078,,2
0,1,train,32,4.9792633056640625,,0
0,1,train,32,4.9959845542907715,,2
0,1,train,32,4.894498348236084,,3
0,1,train,32,4.985651016235352,,0
0,1,train,32,4.806396484375,,2
0,1,train,32,4.914497375488281,,2
0,1,train,32,5.02099084854126,,0
0,1,train,32,4.898536682128906,,1
0,1,train,32,4.893551349639893,,5
0,1,train,32,4.875607490539551,,2
0,1,train,32,4.91103458404541,,2
0,1,train,32,4.887440204620361,,4
0,1,train,32,4.962732791900635,,3
0,1,train,32,4.864097595214844,,1
0,1,train,32,4.920944690704346,,1
0,1,train,32,4.951188087463379,,2
0,1,train,32,4.951635360717773,,2
0,1,train,32,4.970034599304199,,1
0,1,train,32,4.854541301727295,,2
0,1,train,32,4.97378396987915,,3
0,1,train,32,4.965280055999756,,2
0,1,train,32,4.927481651306152,,1
0,1,train,32,4.65688419342041,,4
0,1,train,32,4.794281959533691,,3
0,1,train,32,4.92716646194458,,1
0,1,train,32,4.980996131896973,,1
0,1,train,32,5.024083137512207,,2
0,1,train,32,5.0132060050964355,,2
0,1,train,32,4.76230001449585,,4
0,1,train,32,4.819548606872559,,3
0,1,train,32,4.839648246765137,,2
0,1,train,32,4.763641357421875,,3
0,1,train,32,4.860822677612305,,1
0,1,train,32,4.896758079528809,,4
0,1,train,32,4.996739864349365,,1
0,1,train,32,4.975887775421143,,3
0,1,train,32,4.840518951416016,,0
0,1,train,32,4.918281078338623,,2
0,1,train,32,4.967470169067383,,3
0,1,train,32,5.102684497833252,,0
0,1,train,32,4.9550981521606445,,2
0,1,train,32,4.916598320007324,,2
0,1,train,32,4.866491317749023,,2
0,1,train,32,4.719259738922119,,6
0,1,train,32,5.0011115074157715,,4
0,1,train,32,4.908421993255615,,2
0,1,train,32,5.030130386352539,,0
0,1,train,32,4.979694366455078,,3
0,1,train,32,4.926006317138672,,1
0,1,train,32,4.998595237731934,,1
0,1,train,32,5.090854644775391,,0
0,1,train,32,4.720854759216309,,5
0,1,train,32,4.791759490966797,,3
0,1,train,32,4.877974033355713,,3
0,1,train,32,4.879772663116455,,3
0,1,train,32,4.681855201721191,,6
0,1,train,32,4.983094215393066,,1
0,1,train,32,4.914371967315674,,1
0,1,train,32,4.886665344238281,,2
0,1,train,32,4.760133743286133,,7
0,1,train,32,4.906978130340576,,1
0,1,train,32,4.729836940765381,,2
0,1,train,32,4.613117694854736,,5
0,1,train,32,4.735315799713135,,3
0,1,train,32,4.698636531829834,,1
0,1,train,32,4.651783466339111,,4
0,1,train,32,4.7603678703308105,,3
0,1,train,32,4.8677239418029785,,2
0,1,train,32,4.8814191818237305,,1
0,1,train,32,4.90812349319458,,1
0,1,train,32,4.781814098358154,,3
0,1,train,32,4.815252780914307,,0
0,1,train,32,4.702983856201172,,3
0,1,train,32,4.792839527130127,,1
0,1,train,32,4.829261779785156,,2
0,1,train,32,4.686810493469238,,6
0,1,train,32,4.731431007385254,,4
0,1,train,32,4.826143264770508,,3
0,1,train,32,4.820973873138428,,3
0,1,train,32,4.981836795806885,,1
0,1,train,32,4.836394309997559,,3
0,1,train,32,4.9111504554748535,,1
0,1,train,32,4.676825523376465,,7
0,1,train,32,4.784804821014404,,5
0,1,train,32,4.656570911407471,,5
0,1,train,32,4.798819065093994,,2
0,1,train,32,4.751875400543213,,2
0,1,train,32,4.746453762054443,,2
0,1,train,32,4.716322422027588,,3
0,1,train,32,4.617868423461914,,5
0,1,train,32,4.823160648345947,,1
0,1,train,32,4.800053119659424,,2
0,1,train,32,4.933218955993652,,0
0,1,train,32,4.7584075927734375,,1
0,1,train,32,4.604957103729248,,4
0,1,train,32,4.775486946105957,,2
0,1,train,32,4.882318496704102,,4
0,1,train,32,4.63559103012085,,2
0,1,train,32,4.76235818862915,,3
0,1,train,32,4.81517219543457,,2
0,1,train,5,4.791200637817383,,0
0,1,val,32,151.56439208984375,6.25,2
0,1,val,32,154.30970764160156,6.25,2
0,1,val,32,154.0450897216797,6.25,2
0,1,val,32,146.0301055908203,15.625,5
0,1,val,32,151.55921936035156,12.5,4
0,1,val,32,155.5278778076172,0.0,0
0,1,val,32,153.4822540283203,3.125,1
0,1,val,32,148.83840942382812,12.5,4
0,1,val,32,155.18295288085938,3.125,1
0,1,val,32,153.87301635742188,6.25,2
0,1,val,32,153.04139709472656,9.375,3
0,1,val,32,151.75469970703125,6.25,2
0,1,val,32,141.2266845703125,15.625,5
0,1,val,32,148.7304229736328,9.375,3
0,1,val,32,153.75088500976562,9.375,3
0,1,val,32,157.26852416992188,6.25,2
0,1,val,32,158.35020446777344,3.125,1
0,1,val,32,148.4424285888672,12.5,4
0,1,val,32,156.3097381591797,0.0,0
0,1,val,32,149.42767333984375,9.375,3
0,1,val,32,149.09194946289062,3.125,1
0,1,val,32,151.2506103515625,3.125,1
0,1,val,32,150.71682739257812,3.125,1
0,1,val,32,154.96226501464844,12.5,4
0,1,val,32,150.58477783203125,9.375,3
0,1,val,32,150.76539611816406,9.375,3
0,1,val,32,153.96163940429688,3.125,1
0,1,val,32,158.97650146484375,3.125,1
0,1,val,32,156.20230102539062,9.375,3
0,1,val,32,153.9403533935547,9.375,3
0,1,val,32,150.28515625,21.875,7
0,1,val,32,151.9828643798828,9.375,3
0,1,val,32,158.75018310546875,3.125,1
0,1,val,32,147.03927612304688,9.375,3
0,1,val,32,149.97361755371094,9.375,3
0,1,val,32,154.26986694335938,6.25,2
0,1,val,32,159.14976501464844,6.25,2
0,1,val,32,151.82997131347656,3.125,1
0,1,val,32,153.42718505859375,9.375,3
0,1,val,32,156.68580627441406,9.375,3
0,1,val,32,149.60923767089844,12.5,4
0,1,val,32,154.13101196289062,3.125,1
0,1,val,32,153.1627197265625,12.5,4
0,1,val,32,154.77490234375,3.125,1
0,1,val,32,153.0433349609375,15.625,5
0,1,val,32,152.23165893554688,9.375,3
0,1,val,32,149.10833740234375,3.125,1
0,1,val,32,159.089599609375,0.0,0
0,1,val,32,163.27249145507812,0.0,0
0,1,val,32,152.53790283203125,9.375,3
0,1,val,25,123.3404278755188,3.125,1
0,2,train,32,4.550512313842773,,5
0,2,train,32,4.731634140014648,,4
0,2,train,32,4.556069850921631,,5
0,2,train,32,4.567341327667236,,3
0,2,train,32,4.573392868041992,,4
0,2,train,32,4.611648082733154,,6
0,2,train,32,4.690845012664795,,1
0,2,train,32,4.492405414581299,,6
0,2,train,32,4.549074172973633,,4
0,2,train,32,4.633772373199463,,3
0,2,train,32,4.445698261260986,,7
0,2,train,32,4.49731969833374,,5
0,2,train,32,4.559769153594971,,7
0,2,train,32,4.420690536499023,,8
0,2,train,32,4.650564193725586,,7
0,2,train,32,4.77321195602417,,3
0,2,train,32,4.60966157913208,,2
0,2,train,32,4.689306735992432,,3
0,2,train,32,4.656949043273926,,4
0,2,train,32,4.851352691650391,,1
0,2,train,32,4.663030624389648,,4
0,2,train,32,4.6151299476623535,,2
0,2,train,32,4.370981216430664,,9
0,2,train,32,4.601381301879883,,5
0,2,train,32,4.419200420379639,,6
0,2,train,32,4.479894638061523,,4
0,2,train,32,4.507933139801025,,2
0,2,train,32,4.490937232971191,,5
0,2,train,32,4.654892444610596,,3
0,2,train,32,4.683628559112549,,4
0,2,train,32,4.641851425170898,,4
0,2,train,32,4.59843111038208,,5
0,2,train,32,4.296477794647217,,8
0,2,train,32,4.604879379272461,,4
0,2,train,32,4.5948004722595215,,4
0,2,train,32,4.55654239654541,,4
0,2,train,32,4.72387170791626,,4
0,2,train,32,4.610857963562012,,5
0,2,train,32,4.553399085998535,,6
0,2,train,32,4.475667953491211,,1
0,2,train,32,4.276863098144531,,10
0,2,train,32,4.579529285430908,,1
0,2,train,32,4.378815174102783,,5
0,2,train,32,4.58759880065918,,3
0,2,train,32,4.520142555236816,,5
0,2,train,32,4.4411492347717285,,6
0,2,train,32,4.432181358337402,,6
0,2,train,32,4.473838806152344,,6
0,2,train,32,4.487285614013672,,4
0,2,train,32,4.554039478302002,,2
0,2,train,32,4.5616936683654785,,6
0,2,train,32,4.474673271179199,,3
0,2,train,32,4.51921272277832,,5
0,2,train,32,4.360218048095703,,7
0,2,train,32,4.702262878417969,,3
0,2,train,32,4.5034260749816895,,4
0,2,train,32,4.420278549194336,,9
0,2,train,32,4.487792491912842,,3
0,2,train,32,4.425029754638672,,5
0,2,train,32,4.270390510559082,,7
0,2,train,32,4.49755334854126,,6
0,2,train,32,4.429535388946533,,6
0,2,train,32,4.500857353210449,,7
0,2,train,32,4.565898895263672,,4
0,2,train,32,4.4598388671875,,7
0,2,train,32,4.464217185974121,,5
0,2,train,32,4.450179576873779,,2
0,2,train,32,4.53561544418335,,4
0,2,train,32,4.434749603271484,,6
0,2,train,32,4.568650245666504,,4
0,2,train,32,4.535073757171631,,2
0,2,train,32,4.54391622543335,,1
0,2,train,32,4.37479829788208,,10
0,2,train,32,4.178144454956055,,9
0,2,train,32,4.565324783325195,,3
0,2,train,32,4.692597389221191,,3
0,2,train,32,4.434652328491211,,4
0,2,train,32,4.471773624420166,,3
0,2,train,32,4.271586894989014,,6
0,2,train,32,4.380788326263428,,4
0,2,train,32,4.359969615936279,,4
0,2,train,32,4.405365943908691,,5
0,2,train,32,4.282218933105469,,12
0,2,train,32,4.511223793029785,,2
0,2,train,32,4.333984375,,5
0,2,train,32,4.339544296264648,,5
0,2,train,32,4.338120460510254,,9
0,2,train,32,4.494668483734131,,4
0,2,train,32,4.48412561416626,,2
0,2,train,32,4.439787864685059,,9
0,2,train,32,4.249529838562012,,6
0,2,train,32,4.314428329467773,,6
0,2,train,32,4.468347072601318,,4
0,2,train,32,4.42011022567749,,5
0,2,train,32,4.426209926605225,,7
0,2,train,32,4.567395210266113,,4
0,2,train,32,4.358614444732666,,4
0,2,train,32,4.623833179473877,,4
0,2,train,32,4.604189872741699,,5
0,2,train,32,4.530372619628906,,4
0,2,train,32,4.4618730545043945,,6
0,2,train,32,4.345186233520508,,5
0,2,train,32,4.424016952514648,,5
0,2,train,32,4.398131370544434,,6
0,2,train,32,4.350941181182861,,5
0,2,train,32,4.433056831359863,,1
0,2,train,32,4.387196063995361,,5
0,2,train,32,4.25667142868042,,6
0,2,train,32,4.3380632400512695,,6
0,2,train,32,4.292966365814209,,7
0,2,train,32,4.1340718269348145,,5
0,2,train,32,4.558163642883301,,5
0,2,train,32,4.180367946624756,,7
0,2,train,32,4.556612968444824,,4
0,2,train,32,4.173076152801514,,8
0,2,train,32,4.452942848205566,,2
0,2,train,32,4.002117156982422,,11
0,2,train,32,4.2985687255859375,,8
0,2,train,32,4.263227939605713,,6
0,2,train,32,4.384227275848389,,4
0,2,train,32,4.2656660079956055,,7
0,2,train,32,4.376762390136719,,6
0,2,train,32,4.222260475158691,,7
0,2,train,32,4.296257972717285,,3
0,2,train,32,4.07965612411499,,11
0,2,train,32,4.3763909339904785,,3
0,2,train,32,4.564929485321045,,0
0,2,train,32,4.574221611022949,,5
0,2,train,32,4.4174933433532715,,5
0,2,train,32,4.405411720275879,,4
0,2,train,32,4.10227632522583,,9
0,2,train,32,4.382392883300781,,7
0,2,train,32,4.357810974121094,,5
0,2,train,32,4.335951805114746,,4
0,2,train,32,4.3639607429504395,,5
0,2,train,32,4.28668212890625,,4
0,2,train,32,4.622152805328369,,3
0,2,train,32,4.358644008636475,,6
0,2,train,32,4.417957782745361,,5
0,2,train,32,4.042297840118408,,11
0,2,train,32,4.243341445922852,,7
0,2,train,32,4.21822452545166,,11
0,2,train,32,4.034112930297852,,8
0,2,train,32,4.352266311645508,,4
0,2,train,32,4.573969841003418,,4
0,2,train,32,4.3692946434021,,6
0,2,train,32,4.328341007232666,,6
0,2,train,32,4.150498390197754,,5
0,2,train,32,4.299663543701172,,8
0,2,train,32,4.37749719619751,,5
0,2,train,32,4.197965145111084,,7
0,2,train,32,4.187793254852295,,6
0,2,train,32,4.389170169830322,,7
0,2,train,32,4.47682523727417,,3
0,2,train,32,4.11663818359375,,10
0,2,train,32,4.406304836273193,,4
0,2,train,32,4.054947376251221,,3
0,2,train,32,4.290295600891113,,3
0,2,train,32,4.297740459442139,,5
0,2,train,32,4.276864051818848,,7
0,2,train,32,4.52241325378418,,2
0,2,train,32,4.233234405517578,,7
0,2,train,32,4.226666450500488,,5
0,2,train,32,4.132069110870361,,8
0,2,train,32,4.254151821136475,,6
0,2,train,32,4.297583103179932,,5
0,2,train,32,4.221301078796387,,7
0,2,train,32,4.539700031280518,,3
0,2,train,32,4.223815441131592,,6
0,2,train,32,4.327970027923584,,5
0,2,train,32,4.297917366027832,,6
0,2,train,32,4.198929786682129,,6
0,2,train,32,4.208190441131592,,3
0,2,train,32,4.370641708374023,,4
0,2,train,32,4.428491592407227,,4
0,2,train,32,4.278769493103027,,5
0,2,train,32,4.21754264831543,,5
0,2,train,32,4.264261245727539,,3
0,2,train,32,4.343338966369629,,6
0,2,train,32,4.2403669357299805,,9
0,2,train,32,4.218389511108398,,9
0,2,train,32,4.144668102264404,,6
0,2,train,32,4.1977362632751465,,6
0,2,train,32,4.024824619293213,,10
0,2,train,32,4.285526275634766,,7
0,2,train,32,3.9369869232177734,,9
0,2,train,32,4.062953472137451,,5
0,2,train,32,4.211508274078369,,8
0,2,train,32,4.124343395233154,,6
0,2,train,32,4.195356845855713,,7
0,2,train,32,4.224959373474121,,4
0,2,train,32,4.217568874359131,,7
0,2,train,32,4.347601890563965,,4
0,2,train,32,4.05362606048584,,12
0,2,train,32,4.075074195861816,,4
0,2,train,32,4.067113399505615,,7
0,2,train,32,4.104363441467285,,6
0,2,train,32,4.0282440185546875,,6
0,2,train,32,4.218116760253906,,8
0,2,train,32,4.0976881980896,,6
0,2,train,32,4.12370491027832,,7
0,2,train,32,4.114034175872803,,4
0,2,train,32,4.255287170410156,,5
0,2,train,5,4.602602005004883,,1
0,2,val,32,136.41448974609375,21.875,7
0,2,val,32,134.0277557373047,21.875,7
0,2,val,32,136.02999877929688,12.5,4
0,2,val,32,133.17050170898438,25.0,8
0,2,val,32,133.40940856933594,12.5,4
0,2,val,32,140.8652801513672,15.625,5
0,2,val,32,135.74404907226562,6.25,2
0,2,val,32,129.0059814453125,18.75,6
0,2,val,32,140.46986389160156,15.625,5
0,2,val,32,135.33245849609375,21.875,7
0,2,val,32,137.94131469726562,12.5,4
0,2,val,32,132.07550048828125,25.0,8
0,2,val,32,121.42102813720703,25.0,8
0,2,val,32,128.31109619140625,15.625,5
0,2,val,32,139.028564453125,25.0,8
0,2,val,32,141.94940185546875,9.375,3
0,2,val,32,142.53382873535156,6.25,2
0,2,val,32,128.9883575439453,18.75,6
0,2,val,32,143.4679412841797,15.625,5
0,2,val,32,127.15425109863281,15.625,5
0,2,val,32,133.43936157226562,6.25,2
0,2,val,32,130.13351440429688,21.875,7
0,2,val,32,133.51588439941406,31.25,10
0,2,val,32,138.9530029296875,21.875,7
0,2,val,32,133.02374267578125,15.625,5
0,2,val,32,135.20773315429688,6.25,2
0,2,val,32,143.50567626953125,3.125,1
0,2,val,32,142.41323852539062,6.25,2
0,2,val,32,137.83749389648438,15.625,5
0,2,val,32,138.23446655273438,15.625,5
0,2,val,32,135.52806091308594,15.625,5
0,2,val,32,134.5642547607422,31.25,10
0,2,val,32,144.82452392578125,3.125,1
0,2,val,32,132.11740112304688,12.5,4
0,2,val,32,127.39848327636719,25.0,8
0,2,val,32,136.2576904296875,18.75,6
0,2,val,32,144.0135040283203,9.375,3
0,2,val,32,138.78231811523438,12.5,4
0,2,val,32,138.8104705810547,18.75,6
0,2,val,32,138.27203369140625,12.5,4
0,2,val,32,130.9751739501953,18.75,6
0,2,val,32,133.17355346679688,21.875,7
0,2,val,32,134.99050903320312,18.75,6
0,2,val,32,136.00912475585938,15.625,5
0,2,val,32,137.27919006347656,15.625,5
0,2,val,32,134.68458557128906,21.875,7
0,2,val,32,130.34518432617188,21.875,7
0,2,val,32,146.70596313476562,3.125,1
0,2,val,32,152.32981872558594,3.125,1
0,2,val,32,135.0169219970703,18.75,6
0,2,val,25,110.75314283370972,6.25,2
0,3,train,32,3.974585771560669,,9
0,3,train,32,3.908543109893799,,13
0,3,train,32,4.219086647033691,,8
0,3,train,32,3.87691068649292,,9
0,3,train,32,3.837658166885376,,15
0,3,train,32,3.898589849472046,,10
0,3,train,32,4.147166728973389,,10
0,3,train,32,4.003440856933594,,8
0,3,train,32,3.9417543411254883,,7
0,3,train,32,4.161014556884766,,5
0,3,train,32,4.0268659591674805,,3
0,3,train,32,4.042299270629883,,7
0,3,train,32,3.9235422611236572,,9
0,3,train,32,3.939838409423828,,7
0,3,train,32,3.6558995246887207,,14
0,3,train,32,4.160749435424805,,10
0,3,train,32,3.9417102336883545,,9
0,3,train,32,3.965782880783081,,6
0,3,train,32,4.029629707336426,,8
0,3,train,32,3.854492664337158,,9
0,3,train,32,4.094407558441162,,10
0,3,train,32,3.820647954940796,,11
0,3,train,32,3.649451732635498,,14
0,3,train,32,4.012838363647461,,6
0,3,train,32,3.827709197998047,,9
0,3,train,32,4.040057182312012,,6
0,3,train,32,4.06256628036499,,10
0,3,train,32,3.9567439556121826,,8
0,3,train,32,3.8288044929504395,,6
0,3,train,32,3.8801493644714355,,7
0,3,train,32,3.911019802093506,,7
0,3,train,32,3.7879817485809326,,12
0,3,train,32,4.3462748527526855,,5
0,3,train,32,4.242049694061279,,5
0,3,train,32,3.981438159942627,,8
0,3,train,32,3.840071678161621,,11
0,3,train,32,3.893394708633423,,8
0,3,train,32,3.8925375938415527,,10
0,3,train,32,3.9947073459625244,,8
0,3,train,32,3.961761951446533,,8
0,3,train,32,4.180689811706543,,3
0,3,train,32,4.072707176208496,,6
0,3,train,32,4.068769931793213,,10
0,3,train,32,4.0946149826049805,,6
0,3,train,32,4.057257652282715,,6
0,3,train,32,3.758681535720825,,9
0,3,train,32,3.7444088459014893,,10
0,3,train,32,3.8886523246765137,,10
0,3,train,32,4.01239538192749,,8
0,3,train,32,3.7227447032928467,,12
0,3,train,32,4.203137397766113,,7
0,3,train,32,3.9960861206054688,,7
0,3,train,32,3.8756179809570312,,7
0,3,train,32,3.6906790733337402,,13
0,3,train,32,3.884061336517334,,8
0,3,train,32,3.695251226425171,,13
0,3,train,32,3.729534387588501,,13
0,3,train,32,3.928980827331543,,8
0,3,train,32,3.7868995666503906,,9
0,3,train,32,3.899414539337158,,11
0,3,train,32,4.061164855957031,,6
0,3,train,32,4.02908182144165,,6
0,3,train,32,3.6167478561401367,,14
0,3,train,32,3.889218807220459,,8
0,3,train,32,3.826517105102539,,12
0,3,train,32,3.7361621856689453,,12
0,3,train,32,3.9668543338775635,,8
0,3,train,32,3.89642596244812,,8
0,3,train,32,3.755584716796875,,6
0,3,train,32,3.8297619819641113,,5
0,3,train,32,4.129565238952637,,11
0,3,train,32,3.891446113586426,,8
0,3,train,32,3.9946558475494385,,9
0,3,train,32,3.685622215270996,,9
0,3,train,32,3.816472053527832,,8
0,3,train,32,3.6161530017852783,,15
0,3,train,32,3.9283647537231445,,9
0,3,train,32,4.055434226989746,,8
0,3,train,32,4.016037940979004,,8
0,3,train,32,3.641829013824463,,9
0,3,train,32,4.038995742797852,,4
0,3,train,32,3.718400478363037,,10
0,3,train,32,3.747823715209961,,11
0,3,train,32,3.844430446624756,,11
0,3,train,32,4.0009965896606445,,7
0,3,train,32,3.6758408546447754,,13
0,3,train,32,4.020739555358887,,6
0,3,train,32,3.926636219024658,,10
0,3,train,32,3.7786104679107666,,10
0,3,train,32,3.761396884918213,,7
0,3,train,32,3.6544299125671387,,12
0,3,train,32,3.749269962310791,,8
0,3,train,32,3.8345420360565186,,8
0,3,train,32,3.8862552642822266,,10
0,3,train,32,4.056848526000977,,7
0,3,train,32,3.7748289108276367,,8
0,3,train,32,3.9284720420837402,,6
0,3,train,32,3.6270039081573486,,10
0,3,train,32,3.730485439300537,,12
0,3,train,32,3.8013691902160645,,5
0,3,train,32,4.077346324920654,,9
0,3,train,32,3.788989782333374,,9
0,3,train,32,3.9267868995666504,,8
0,3,train,32,3.8675763607025146,,11
0,3,train,32,3.7890734672546387,,11
0,3,train,32,3.7499561309814453,,12
0,3,train,32,3.8231635093688965,,8
0,3,train,32,3.675931692123413,,9
0,3,train,32,3.634948968887329,,9
0,3,train,32,4.244340419769287,,5
0,3,train,32,3.6800730228424072,,11
0,3,train,32,3.570591688156128,,11
0,3,train,32,3.822323799133301,,8
0,3,train,32,3.717888832092285,,7
0,3,train,32,3.93892765045166,,7
0,3,train,32,3.7040529251098633,,10
0,3,train,32,3.8866286277770996,,9
0,3,train,32,3.9148993492126465,,9
0,3,train,32,3.4897522926330566,,13
0,3,train,32,4.04924201965332,,7
0,3,train,32,3.5633749961853027,,13
0,3,train,32,3.7251486778259277,,9
0,3,train,32,3.65273380279541,,9
0,3,train,32,3.958371639251709,,10
0,3,train,32,3.4601097106933594,,11
0,3,train,32,3.462958574295044,,16
0,3,train,32,3.8532676696777344,,5
0,3,train,32,3.7284069061279297,,11
0,3,train,32,3.4662275314331055,,17
0,3,train,32,3.576751232147217,,8
0,3,train,32,3.71964955329895,,13
0,3,train,32,3.898010730743408,,6
0,3,train,32,3.7615790367126465,,7
0,3,train,32,3.586566925048828,,10
0,3,train,32,3.7474679946899414,,8
0,3,train,32,3.6503822803497314,,14
0,3,train,32,3.6897683143615723,,10
0,3,train,32,3.494384288787842,,16
0,3,train,32,3.7167701721191406,,7
0,3,train,32,3.4587512016296387,,13
0,3,train,32,3.7294907569885254,,10
0,3,train,32,3.7518908977508545,,13
0,3,train,32,3.534393310546875,,10
0,3,train,32,3.706782341003418,,12
0,3,train,32,3.5494766235351562,,11
0,3,train,32,3.8934550285339355,,9
0,3,train,32,3.7522644996643066,,10
0,3,train,32,3.8128533363342285,,10
0,3,train,32,3.8597848415374756,,8
0,3,train,32,3.529430866241455,,15
0,3,train,32,3.722097396850586,,8
0,3,train,32,3.7630252838134766,,11
0,3,train,32,3.699091672897339,,11
0,3,train,32,3.448002815246582,,15
0,3,train,32,3.929705858230591,,6
0,3,train,32,3.8451595306396484,,11
0,3,train,32,3.9832065105438232,,6
0,3,train,32,3.9795923233032227,,6
0,3,train,32,3.5703442096710205,,9
0,3,train,32,3.569978713989258,,9
0,3,train,32,3.510230541229248,,11
0,3,train,32,3.502859592437744,,15
0,3,train,32,3.44321608543396,,11
0,3,train,32,3.255918502807617,,17
0,3,train,32,3.5776820182800293,,14
0,3,train,32,3.715031623840332,,7
0,3,train,32,3.662487268447876,,5
0,3,train,32,3.8404932022094727,,7
0,3,train,32,3.8698740005493164,,5
0,3,train,32,3.666198968887329,,9
0,3,train,32,3.4148125648498535,,13
0,3,train,32,3.3853230476379395,,13
0,3,train,32,3.93670654296875,,4
0,3,train,32,3.516857624053955,,11
0,3,train,32,3.82155179977417,,7
0,3,train,32,3.7262136936187744,,9
0,3,train,32,3.616422653198242,,9
0,3,train,32,3.6057212352752686,,9
0,3,train,32,3.6667139530181885,,11
0,3,train,32,3.710983991622925,,12
0,3,train,32,3.6564104557037354,,12
0,3,train,32,3.6569416522979736,,12
0,3,train,32,3.8251123428344727,,7
0,3,train,32,3.765524387359619,,12
0,3,train,32,3.683488368988037,,11
0,3,train,32,3.717514753341675,,8
0,3,train,32,3.556966781616211,,11
0,3,train,32,3.8619213104248047,,9
0,3,train,32,3.4252381324768066,,13
0,3,train,32,3.689594268798828,,8
0,3,train,32,3.9473068714141846,,7
0,3,train,32,3.895970344543457,,8
0,3,train,32,3.8010456562042236,,8
0,3,train,32,3.578422784805298,,11
0,3,train,32,3.4842822551727295,,11
0,3,train,32,3.982959032058716,,4
0,3,train,32,3.7495388984680176,,10
0,3,train,32,3.791921854019165,,6
0,3,train,32,3.9441542625427246,,6
0,3,train,32,3.624885082244873,,8
0,3,train,32,3.5462160110473633,,11
0,3,train,32,3.6846933364868164,,4
0,3,train,32,3.757504940032959,,8
0,3,train,5,3.7612192630767822,,1
0,3,val,32,119.37407684326172,34.375,11
0,3,val,32,114.94393157958984,31.25,10
0,3,val,32,120.83623504638672,12.5,4
0,3,val,32,121.79098510742188,28.125,9
0,3,val,32,113.88018035888672,28.125,9
0,3,val,32,123.11066436767578,18.75,6
0,3,val,32,115.85299682617188,25.0,8
0,3,val,32,110.61711120605469,34.375,11
0,3,val,32,127.0414047241211,18.75,6
0,3,val,32,114.54867553710938,28.125,9
0,3,val,32,123.90345764160156,18.75,6
0,3,val,32,116.64405822753906,28.125,9
0,3,val,32,108.68856811523438,28.125,9
0,3,val,32,108.59551239013672,34.375,11
0,3,val,32,122.71585083007812,21.875,7
0,3,val,32,121.7197036743164,18.75,6
0,3,val,32,122.11613464355469,21.875,7
0,3,val,32,106.98049926757812,31.25,10
0,3,val,32,131.42372131347656,15.625,5
0,3,val,32,109.48597717285156,31.25,10
0,3,val,32,116.1808090209961,25.0,8
0,3,val,32,112.83291625976562,40.625,13
0,3,val,32,119.13569641113281,34.375,11
0,3,val,32,124.3592758178711,25.0,8
0,3,val,32,114.4834976196289,25.0,8
0,3,val,32,120.17613220214844,18.75,6
0,3,val,32,124.61691284179688,18.75,6
0,3,val,32,121.78900909423828,18.75,6
0,3,val,32,121.21471405029297,18.75,6
0,3,val,32,125.63143157958984,18.75,6
0,3,val,32,119.2873764038086,34.375,11
0,3,val,32,117.89022827148438,28.125,9
0,3,val,32,127.33208465576172,15.625,5
0,3,val,32,117.62593841552734,25.0,8
0,3,val,32,111.02261352539062,28.125,9
0,3,val,32,117.77848052978516,34.375,11
0,3,val,32,131.60116577148438,15.625,5
0,3,val,32,126.15959167480469,25.0,8
0,3,val,32,123.9460220336914,25.0,8
0,3,val,32,119.15094757080078,28.125,9
0,3,val,32,115.83141326904297,28.125,9
0,3,val,32,116.04518127441406,31.25,10
0,3,val,32,117.97817993164062,31.25,10
0,3,val,32,115.50413513183594,25.0,8
0,3,val,32,121.83272552490234,25.0,8
0,3,val,32,119.15006256103516,28.125,9
0,3,val,32,114.87937927246094,28.125,9
0,3,val,32,135.04513549804688,6.25,2
0,3,val,32,137.70655822753906,15.625,5
0,3,val,32,113.53955078125,28.125,9
0,3,val,25,98.88188242912292,12.5,4
0,4,train,32,3.2906203269958496,,14
0,4,train,32,3.448199510574341,,12
0,4,train,32,3.4585459232330322,,13
0,4,train,32,3.2575628757476807,,14
0,4,train,32,3.173905849456787,,17
0,4,train,32,3.524240255355835,,12
0,4,train,32,3.442579507827759,,12
0,4,train,32,3.4911296367645264,,13
0,4,train,32,3.258908271789551,,15
0,4,train,32,3.3309054374694824,,12
0,4,train,32,3.5755300521850586,,12
0,4,train,32,3.5457684993743896,,9
0,4,train,32,3.496206521987915,,12
0,4,train,32,3.387101411819458,,10
0,4,train,32,3.322117328643799,,16
0,4,train,32,3.621100664138794,,8
0,4,train,32,3.1637003421783447,,15
0,4,train,32,3.5463571548461914,,10
0,4,train,32,3.217660665512085,,17
0,4,train,32,3.3395729064941406,,12
0,4,train,32,3.4547624588012695,,13
0,4,train,32,3.454383134841919,,15
0,4,train,32,3.498411178588867,,10
0,4,train,32,3.460655689239502,,10
0,4,train,32,3.4749786853790283,,13
0,4,train,32,3.5179052352905273,,9
0,4,train,32,2.907376766204834,,21
0,4,train,32,3.440457820892334,,15
0,4,train,32,3.6183032989501953,,12
0,4,train,32,3.6316683292388916,,11
0,4,train,32,3.3389675617218018,,15
0,4,train,32,3.244257688522339,,15
0,4,train,32,3.256838798522949,,14
0,4,train,32,3.484278440475464,,7
0,4,train,32,3.5880789756774902,,10
0,4,train,32,3.520070791244507,,14
0,4,train,32,3.670305013656616,,9
0,4,train,32,3.4522624015808105,,11
0,4,train,32,3.326932191848755,,10
0,4,train,32,3.278547525405884,,14
0,4,train,32,3.4690234661102295,,13
0,4,train,32,3.2095141410827637,,14
0,4,train,32,3.315599203109741,,17
0,4,train,32,3.1574041843414307,,13
0,4,train,32,3.2277207374572754,,14
0,4,train,32,3.2409331798553467,,13
0,4,train,32,3.3125009536743164,,14
0,4,train,32,3.583042621612549,,11
0,4,train,32,3.4913511276245117,,13
0,4,train,32,3.3430049419403076,,11
0,4,train,32,3.066751718521118,,17
0,4,train,32,3.50142240524292,,11
0,4,train,32,3.5853586196899414,,9
0,4,train,32,3.210385799407959,,11
0,4,train,32,3.487788677215576,,11
0,4,train,32,3.211876392364502,,11
0,4,train,32,3.4863739013671875,,10
0,4,train,32,3.4267401695251465,,11
0,4,train,32,3.237452507019043,,15
0,4,train,32,3.400510549545288,,14
0,4,train,32,3.095003604888916,,19
0,4,train,32,3.421628475189209,,12
0,4,train,32,3.2561240196228027,,13
0,4,train,32,3.189093589782715,,14
0,4,train,32,3.5182762145996094,,13
0,4,train,32,3.3269662857055664,,11
0,4,train,32,3.3128507137298584,,9
0,4,train,32,3.175586223602295,,12
0,4,train,32,3.415672779083252,,12
0,4,train,32,2.917766809463501,,18
0,4,train,32,3.4330990314483643,,11
0,4,train,32,3.1965909004211426,,12
0,4,train,32,3.4002432823181152,,12
0,4,train,32,3.3850014209747314,,12
0,4,train,32,3.289020299911499,,13
0,4,train,32,3.0214898586273193,,16
0,4,train,32,3.5082790851593018,,10
0,4,train,32,3.4483981132507324,,11
0,4,train,32,3.502795696258545,,10
0,4,train,32,3.187248468399048,,13
0,4,train,32,3.2598066329956055,,12
0,4,train,32,3.1530137062072754,,17
0,4,train,32,3.185326099395752,,16
0,4,train,32,3.5191965103149414,,11
0,4,train,32,3.667371988296509,,10
0,4,train,32,3.361351251602173,,11
0,4,train,32,3.3865315914154053,,11
0,4,train,32,2.894585132598877,,23
0,4,train,32,3.4580135345458984,,11
0,4,train,32,3.482921600341797,,10
0,4,train,32,3.078308343887329,,14
0,4,train,32,3.091775894165039,,14
0,4,train,32,3.375322103500366,,8
0,4,train,32,3.1969032287597656,,15
0,4,train,32,3.2479424476623535,,15
0,4,train,32,2.9201178550720215,,16
0,4,train,32,3.2370142936706543,,12
0,4,train,32,3.343290090560913,,15
0,4,train,32,3.274261236190796,,14
0,4,train,32,3.1553616523742676,,15
0,4,train,32,3.3676438331604004,,11
0,4,train,32,2.9114954471588135,,17
0,4,train,32,3.317535877227783,,13
0,4,train,32,3.2166333198547363,,15
0,4,train,32,3.023146152496338,,20
0,4,train,32,3.3329122066497803,,14
0,4,train,32,3.295393466949463,,10
0,4,train,32,3.357100486755371,,13
0,4,train,32,3.3684353828430176,,14
0,4,train,32,3.340996026992798,,15
0,4,train,32,3.2507805824279785,,15
0,4,train,32,3.225545644760132,,11
0,4,train,32,3.1401772499084473,,15
0,4,train,32,3.3321797847747803,,14
0,4,train,32,3.4065616130828857,,9
0,4,train,32,3.0630009174346924,,14
0,4,train,32,3.103624105453491,,15
0,4,train,32,3.162367343902588,,14
0,4,train,32,3.2796521186828613,,14
0,4,train,32,3.1811277866363525,,12
0,4,train,32,3.3631911277770996,,11
0,4,train,32,2.9556450843811035,,15
0,4,train,32,3.4589529037475586,,9
0,4,train,32,3.2785844802856445,,11
0,4,train,32,3.5527684688568115,,12
0,4,train,32,3.167121410369873,,17
0,4,train,32,3.2722887992858887,,14
0,4,train,32,3.411919355392456,,9
0,4,train,32,3.1413636207580566,,15
0,4,train,32,3.116408586502075,,15
0,4,train,32,3.4825687408447266,,10
0,4,train,32,3.3036022186279297,,15
0,4,train,32,3.252077579498291,,13
0,4,train,32,3.357778787612915,,14
0,4,train,32,3.259134292602539,,14
0,4,train,32,3.3636560440063477,,11
0,4,train,32,3.0921943187713623,,16
0,4,train,32,3.0903003215789795,,13
0,4,train,32,3.245525598526001,,11
0,4,train,32,3.41001558303833,,7
0,4,train,32,3.167867660522461,,11
0,4,train,32,3.298539400100708,,16
0,4,train,32,3.2380104064941406,,10
0,4,train,32,3.314958333969116,,11
0,4,train,32,3.223740816116333,,14
0,4,train,32,2.9972128868103027,,15
0,4,train,32,3.330112934112549,,10
0,4,train,32,3.0671889781951904,,19
0,4,train,32,3.030951499938965,,16
0,4,train,32,3.4746663570404053,,11
0,4,train,32,3.436704397201538,,12
0,4,train,32,3.5237035751342773,,12
0,4,train,32,3.1392669677734375,,12
0,4,train,32,3.1953444480895996,,15
0,4,train,32,3.165759563446045,,15
0,4,train,32,3.486639976501465,,6
0,4,train,32,3.2499566078186035,,15
0,4,train,32,3.1973915100097656,,15
0,4,train,32,3.254396915435791,,13
0,4,train,32,3.454542636871338,,12
0,4,train,32,3.1935837268829346,,12
0,4,train,32,3.140442132949829,,16
0,4,train,32,3.30489444732666,,14
0,4,train,32,3.1347124576568604,,16
0,4,train,32,3.0998475551605225,,13
0,4,train,32,2.9720163345336914,,14
0,4,train,32,3.4243106842041016,,11
0,4,train,32,3.4783191680908203,,10
0,4,train,32,2.9319844245910645,,17
0,4,train,32,3.2987513542175293,,14
0,4,train,32,3.4379279613494873,,11
0,4,train,32,3.1310088634490967,,14
0,4,train,32,2.950997829437256,,18
0,4,train,32,2.978888988494873,,16
0,4,train,32,3.1743953227996826,,13
0,4,train,32,3.3791959285736084,,9
0,4,train,32,3.324237823486328,,9
0,4,train,32,3.0502705574035645,,14
0,4,train,32,3.130253314971924,,16
0,4,train,32,2.962758779525757,,15
0,4,train,32,3.503427028656006,,8
0,4,train,32,3.190767526626587,,12
0,4,train,32,2.89158296585083,,15
0,4,train,32,3.2807133197784424,,11
0,4,train,32,3.133544445037842,,13
0,4,train,32,3.2813055515289307,,11
0,4,train,32,3.061552047729492,,13
0,4,train,32,2.7870876789093018,,17
0,4,train,32,3.0804264545440674,,14
0,4,train,32,3.2619411945343018,,11
0,4,train,32,3.089189052581787,,12
0,4,train,32,3.1358227729797363,,14
0,4,train,32,3.142646074295044,,13
0,4,train,32,3.241392135620117,,11
0,4,train,32,2.9939990043640137,,16
0,4,train,32,3.200181722640991,,11
0,4,train,32,3.409677743911743,,8
0,4,train,32,3.011467695236206,,14
0,4,train,32,3.016756057739258,,13
0,4,train,32,3.298190116882324,,13
0,4,train,32,3.323462963104248,,13
0,4,train,32,3.1990208625793457,,16
0,4,train,32,3.254683017730713,,14
0,4,train,5,3.0657505989074707,,3
0,4,val,32,106.3600082397461,34.375,11
0,4,val,32,101.81825256347656,40.625,13
0,4,val,32,108.17837524414062,25.0,8
0,4,val,32,108.07540893554688,28.125,9
0,4,val,32,99.56656646728516,43.75,14
0,4,val,32,112.26361846923828,25.0,8
0,4,val,32,98.4327621459961,37.5,12
0,4,val,32,95.63702392578125,43.75,14
0,4,val,32,112.61579895019531,25.0,8
0,4,val,32,97.37064361572266,37.5,12
0,4,val,32,110.47799682617188,31.25,10
0,4,val,32,105.70928955078125,31.25,10
0,4,val,32,94.44686889648438,37.5,12
0,4,val,32,96.46004486083984,56.25,18
0,4,val,32,107.22853088378906,40.625,13
0,4,val,32,105.49175262451172,34.375,11
0,4,val,32,105.0452880859375,28.125,9
0,4,val,32,93.88528442382812,50.0,16
0,4,val,32,120.80863189697266,21.875,7
0,4,val,32,96.6183853149414,43.75,14
0,4,val,32,103.84912109375,31.25,10
0,4,val,32,101.40170288085938,43.75,14
0,4,val,32,107.23897552490234,37.5,12
0,4,val,32,110.27604675292969,37.5,12
0,4,val,32,100.632080078125,31.25,10
0,4,val,32,111.1012954711914,25.0,8
0,4,val,32,114.170654296875,25.0,8
0,4,val,32,108.0937728881836,31.25,10
0,4,val,32,105.8298568725586,37.5,12
0,4,val,32,114.66671752929688,21.875,7
0,4,val,32,107.64689636230469,37.5,12
0,4,val,32,108.41895294189453,37.5,12
0,4,val,32,111.19853210449219,25.0,8
0,4,val,32,105.15928649902344,31.25,10
0,4,val,32,101.73184967041016,34.375,11
0,4,val,32,102.95858764648438,37.5,12
0,4,val,32,118.68930053710938,15.625,5
0,4,val,32,112.10484313964844,25.0,8
0,4,val,32,110.2417984008789,31.25,10
0,4,val,32,106.26502227783203,37.5,12
0,4,val,32,101.04527282714844,46.875,15
0,4,val,32,102.47923278808594,40.625,13
0,4,val,32,105.09848022460938,34.375,11
0,4,val,32,102.82363891601562,31.25,10
0,4,val,32,106.30064392089844,28.125,9
0,4,val,32,104.86759948730469,31.25,10
0,4,val,32,97.79830932617188,53.125,17
0,4,val,32,122.56940460205078,18.75,6
0,4,val,32,122.0477523803711,25.0,8
0,4,val,32,99.2087173461914,31.25,10
0,4,val,25,89.47916030883789,21.875,7
0,5,train,32,3.2799248695373535,,13
0,5,train,32,3.000702381134033,,16
0,5,train,32,2.92067813873291,,17
0,5,train,32,3.0593934059143066,,10
0,5,train,32,3.078986883163452,,13
0,5,train,32,3.283508777618408,,12
0,5,train,32,3.3560080528259277,,12
0,5,train,32,3.103728771209717,,13
0,5,train,32,2.895679473876953,,15
0,5,train,32,3.12583589553833,,17
0,5,train,32,2.9399361610412598,,16
0,5,train,32,2.9461512565612793,,14
0,5,train,32,2.875143051147461,,17
0,5,train,32,2.792534828186035,,17
0,5,train,32,2.9639761447906494,,15
0,5,train,32,2.819974660873413,,17
0,5,train,32,2.6461353302001953,,19
0,5,train,32,3.0394463539123535,,15
0,5,train,32,2.8847084045410156,,17
0,5,train,32,3.1492109298706055,,16
0,5,train,32,3.1353774070739746,,12
0,5,train,32,2.808504581451416,,14
0,5,train,32,3.0028162002563477,,17
0,5,train,32,2.9564108848571777,,16
0,5,train,32,2.9350011348724365,,17
0,5,train,32,2.8923087120056152,,18
0,5,train,32,3.285047769546509,,11
0,5,train,32,2.8181464672088623,,20
0,5,train,32,2.8595006465911865,,13
0,5,train,32,2.628861904144287,,19
0,5,train,32,3.1147708892822266,,13
0,5,train,32,2.5914721488952637,,16
0,5,train,32,2.806870937347412,,17
0,5,train,32,2.8368208408355713,,16
0,5,train,32,2.8974969387054443,,17
0,5,train,32,2.996145248413086,,15
0,5,train,32,2.965022087097168,,17
0,5,train,32,2.7802839279174805,,17
0,5,train,32,2.95740008354187,,14
0,5,train,32,2.8062331676483154,,13
0,5,train,32,2.942108154296875,,18
0,5,train,32,2.803603172302246,,19
0,5,train,32,2.8951773643493652,,18
0,5,train,32,2.8866806030273438,,18
0,5,train,32,2.9659183025360107,,17
0,5,train,32,3.1479415893554688,,14
0,5,train,32,2.799771547317505,,19
0,5,train,32,3.056291103363037,,16
0,5,train,32,2.988792896270752,,13
0,5,train,32,3.051654577255249,,16
0,5,train,32,2.7674059867858887,,18
0,5,train,32,3.0956943035125732,,13
0,5,train,32,3.411228656768799,,14
0,5,train,32,2.7330148220062256,,19
0,5,train,32,2.9418892860412598,,13
0,5,train,32,2.9134271144866943,,15
0,5,train,32,3.0414464473724365,,16
0,5,train,32,3.021127462387085,,12
0,5,train,32,3.2441182136535645,,12
0,5,train,32,3.0926599502563477,,14
0,5,train,32,2.6126248836517334,,21
0,5,train,32,3.1139402389526367,,14
0,5,train,32,2.908031940460205,,19
0,5,train,32,3.1579883098602295,,15
0,5,train,32,2.9004197120666504,,19
0,5,train,32,3.0207979679107666,,18
0,5,train,32,2.8293137550354004,,15
0,5,train,32,2.706949234008789,,14
0,5,train,32,2.8476688861846924,,20
0,5,train,32,2.793503999710083,,16
0,5,train,32,3.0286612510681152,,13
0,5,train,32,2.8347549438476562,,19
0,5,train,32,3.198578119277954,,11
0,5,train,32,2.908626079559326,,17
0,5,train,32,3.049330711364746,,16
0,5,train,32,2.6688461303710938,,21
0,5,train,32,2.629380226135254,,16
0,5,train,32,2.736537218093872,,18
0,5,train,32,2.8808135986328125,,14
0,5,train,32,2.845468044281006,,15
0,5,train,32,2.771354913711548,,18
0,5,train,32,2.729161262512207,,19
0,5,train,32,2.947986125946045,,15
0,5,train,32,2.4849438667297363,,21
0,5,train,32,2.8484175205230713,,16
0,5,train,32,2.9483304023742676,,12
0,5,train,32,2.745464324951172,,17
0,5,train,32,2.9913170337677,,13
0,5,train,32,2.8225603103637695,,22
0,5,train,32,3.3034114837646484,,9
0,5,train,32,2.7574691772460938,,18
0,5,train,32,3.401820659637451,,11
0,5,train,32,2.741762638092041,,13
0,5,train,32,2.838992118835449,,16
0,5,train,32,2.7759921550750732,,15
0,5,train,32,3.0738468170166016,,17
0,5,train,32,2.942760944366455,,16
0,5,train,32,2.7991697788238525,,14
0,5,train,32,2.7670392990112305,,18
0,5,train,32,2.9159979820251465,,15
0,5,train,32,2.8871679306030273,,16
0,5,train,32,2.9768950939178467,,15
0,5,train,32,2.6835198402404785,,16
0,5,train,32,3.0257322788238525,,15
0,5,train,32,2.463088035583496,,20
0,5,train,32,2.8830549716949463,,15
0,5,train,32,3.099609613418579,,14
0,5,train,32,3.122098445892334,,12
0,5,train,32,2.748908758163452,,17
0,5,train,32,3.0492820739746094,,10
0,5,train,32,2.973651170730591,,16
0,5,train,32,2.7196733951568604,,17
0,5,train,32,2.839890956878662,,17
0,5,train,32,2.918337345123291,,18
0,5,train,32,2.710672378540039,,14
0,5,train,32,3.1327691078186035,,15
0,5,train,32,3.018280029296875,,14
0,5,train,32,3.0183422565460205,,12
0,5,train,32,2.9498441219329834,,15
0,5,train,32,2.831987142562866,,16
0,5,train,32,2.9549458026885986,,13
0,5,train,32,2.936829090118408,,18
0,5,train,32,2.989625930786133,,14
0,5,train,32,2.9487290382385254,,13
0,5,train,32,3.237368583679199,,14
0,5,train,32,2.758079767227173,,17
0,5,train,32,2.982802391052246,,15
0,5,train,32,3.1090095043182373,,11
0,5,train,32,2.947089672088623,,17
0,5,train,32,2.6778182983398438,,18
0,5,train,32,2.7417025566101074,,16
0,5,train,32,2.7255852222442627,,16
0,5,train,32,2.966082811355591,,15
0,5,train,32,2.9926395416259766,,14
0,5,train,32,3.0064938068389893,,14
0,5,train,32,3.157768487930298,,9
0,5,train,32,2.8477885723114014,,16
0,5,train,32,2.71506929397583,,18
0,5,train,32,2.8813040256500244,,14
0,5,train,32,2.5916249752044678,,21
0,5,train,32,2.4765655994415283,,18
0,5,train,32,3.0192503929138184,,13
0,5,train,32,2.918445348739624,,15
0,5,train,32,2.606010913848877,,20
0,5,train,32,2.7788312435150146,,15
0,5,train,32,2.8895998001098633,,16
0,5,train,32,2.8463950157165527,,15
0,5,train,32,2.7146503925323486,,17
0,5,train,32,2.841540813446045,,17
0,5,train,32,2.683320999145508,,13
0,5,train,32,2.6971724033355713,,16
0,5,train,32,2.949681520462036,,14
0,5,train,32,2.970726728439331,,16
0,5,train,32,2.695145845413208,,18
0,5,train,32,3.01362681388855,,19
0,5,train,32,2.67582106590271,,20
0,5,train,32,2.799809694290161,,17
0,5,train,32,2.908514976501465,,14
0,5,train,32,2.9447319507598877,,16
0,5,train,32,2.830113172531128,,17
0,5,train,32,3.189934730529785,,13
0,5,train,32,2.73122239112854,,16
0,5,train,32,2.5849132537841797,,18
0,5,train,32,2.9050750732421875,,17
0,5,train,32,2.914668560028076,,15
0,5,train,32,2.475241184234619,,24
0,5,train,32,2.7387261390686035,,19
0,5,train,32,2.7272543907165527,,18
0,5,train,32,2.5271029472351074,,19
0,5,train,32,2.9022674560546875,,13
0,5,train,32,2.8489904403686523,,20
0,5,train,32,2.503788709640503,,23
0,5,train,32,2.7470176219940186,,15
0,5,train,32,3.0096170902252197,,15
0,5,train,32,2.766249418258667,,21
0,5,train,32,2.6852903366088867,,19
0,5,train,32,2.468376874923706,,21
0,5,train,32,2.8381800651550293,,16
0,5,train,32,2.762324333190918,,17
0,5,train,32,2.5785391330718994,,18
0,5,train,32,2.860487461090088,,15
0,5,train,32,2.6237897872924805,,18
0,5,train,32,2.905048370361328,,15
0,5,train,32,2.398548126220703,,21
0,5,train,32,2.7442290782928467,,17
0,5,train,32,2.64475679397583,,18
0,5,train,32,2.4613378047943115,,22
0,5,train,32,2.7352044582366943,,20
0,5,train,32,2.778996229171753,,19
0,5,train,32,2.542618751525879,,21
0,5,train,32,2.7385332584381104,,17
0,5,train,32,2.7113492488861084,,17
0,5,train,32,3.060929298400879,,12
0,5,train,32,2.75978946685791,,16
0,5,train,32,2.6999692916870117,,16
0,5,train,32,2.7445991039276123,,18
0,5,train,32,3.0908796787261963,,14
0,5,train,32,2.704737901687622,,16
0,5,train,32,2.7527809143066406,,18
0,5,train,32,2.7744784355163574,,15
0,5,train,32,2.812991142272949,,17
0,5,train,32,2.6089115142822266,,21
0,5,train,32,2.482851028442383,,20
0,5,train,5,4.143434047698975,,0
0,5,val,32,97.55961608886719,40.625,13
0,5,val,32,91.66361999511719,40.625,13
0,5,val,32,98.49282836914062,37.5,12
0,5,val,32,98.2104263305664,46.875,15
0,5,val,32,94.3159408569336,43.75,14
0,5,val,32,103.43489837646484,34.375,11
0,5,val,32,89.3113021850586,56.25,18
0,5,val,32,85.50260925292969,46.875,15
0,5,val,32,104.47957611083984,34.375,11
0,5,val,32,89.4947509765625,46.875,15
0,5,val,32,102.79483795166016,37.5,12
0,5,val,32,98.8724594116211,28.125,9
0,5,val,32,86.69334411621094,46.875,15
0,5,val,32,87.87399291992188,50.0,16
0,5,val,32,98.99694061279297,46.875,15
0,5,val,32,98.79463195800781,37.5,12
0,5,val,32,94.14932250976562,53.125,17
0,5,val,32,87.10778045654297,50.0,16
0,5,val,32,109.95220947265625,28.125,9
0,5,val,32,90.3759536743164,43.75,14
0,5,val,32,97.10205841064453,37.5,12
0,5,val,32,91.794921875,50.0,16
0,5,val,32,97.0794448852539,50.0,16
0,5,val,32,101.84171295166016,46.875,15
0,5,val,32,94.56692504882812,37.5,12
0,5,val,32,103.7843017578125,28.125,9
0,5,val,32,106.81095886230469,34.375,11
0,5,val,32,98.98931884765625,28.125,9
0,5,val,32,97.04618835449219,46.875,15
0,5,val,32,103.97846221923828,34.375,11
0,5,val,32,99.36337280273438,28.125,9
0,5,val,32,101.10427856445312,43.75,14
0,5,val,32,100.66403198242188,37.5,12
0,5,val,32,98.5506362915039,37.5,12
0,5,val,32,93.07307434082031,43.75,14
0,5,val,32,91.58695983886719,50.0,16
0,5,val,32,109.89315795898438,21.875,7
0,5,val,32,105.72149658203125,31.25,10
0,5,val,32,99.85426330566406,40.625,13
0,5,val,32,96.17784881591797,37.5,12
0,5,val,32,89.65020751953125,53.125,17
0,5,val,32,93.68932342529297,43.75,14
0,5,val,32,97.32699584960938,37.5,12
0,5,val,32,94.2645263671875,46.875,15
0,5,val,32,95.21124267578125,34.375,11
0,5,val,32,95.94740295410156,40.625,13
0,5,val,32,84.40278625488281,65.625,21
0,5,val,32,115.55496215820312,28.125,9
0,5,val,32,112.5090103149414,21.875,7
0,5,val,32,91.46516418457031,31.25,10
0,5,val,25,83.51438045501709,28.125,9
0,6,train,32,2.1782405376434326,,25
0,6,train,32,2.799863576889038,,14
0,6,train,32,2.5278427600860596,,16
0,6,train,32,2.4433202743530273,,20
0,6,train,32,2.408316135406494,,21
0,6,train,32,2.353839635848999,,23
0,6,train,32,2.411058187484741,,21
0,6,train,32,2.6967151165008545,,18
0,6,train,32,2.565666675567627,,18
0,6,train,32,2.3406383991241455,,23
0,6,train,32,2.4268178939819336,,19
0,6,train,32,2.4950180053710938,,22
0,6,train,32,2.5812113285064697,,16
0,6,train,32,2.662994146347046,,17
0,6,train,32,2.4641380310058594,,16
0,6,train,32,2.5922679901123047,,19
0,6,train,32,2.648934841156006,,15
0,6,train,32,2.436814069747925,,23
0,6,train,32,2.498180389404297,,19
0,6,train,32,2.2987112998962402,,21
0,6,train,32,2.3994548320770264,,19
0,6,train,32,2.8066978454589844,,16
0,6,train,32,2.7497589588165283,,18
0,6,train,32,2.6177191734313965,,17
0,6,train,32,2.5902445316314697,,14
0,6,train,32,2.601976156234741,,17
0,6,train,32,2.953364372253418,,15
0,6,train,32,2.6064038276672363,,19
0,6,train,32,2.6093225479125977,,18
0,6,train,32,2.7307028770446777,,18
0,6,train,32,2.523695707321167,,15
0,6,train,32,2.5289552211761475,,17
0,6,train,32,2.6480300426483154,,17
0,6,train,32,2.5142338275909424,,19
0,6,train,32,2.6254186630249023,,18
0,6,train,32,2.801577568054199,,15
0,6,train,32,2.8101515769958496,,18
0,6,train,32,2.352081775665283,,25
0,6,train,32,3.0211639404296875,,12
0,6,train,32,2.801118850708008,,16
0,6,train,32,2.5016183853149414,,20
0,6,train,32,2.3639492988586426,,24
0,6,train,32,2.701129913330078,,17
0,6,train,32,2.5279479026794434,,21
0,6,train,32,2.2421913146972656,,25
0,6,train,32,2.3921573162078857,,20
0,6,train,32,2.4185218811035156,,22
0,6,train,32,2.4148521423339844,,20
0,6,train,32,2.6501238346099854,,18
0,6,train,32,2.544398546218872,,18
0,6,train,32,2.8117973804473877,,19
0,6,train,32,2.3017945289611816,,17
0,6,train,32,2.660621404647827,,20
0,6,train,32,2.606841564178467,,20
0,6,train,32,2.627373218536377,,15
0,6,train,32,2.2776284217834473,,21
0,6,train,32,2.743370532989502,,16
0,6,train,32,2.4866783618927,,20
0,6,train,32,2.766327142715454,,16
0,6,train,32,2.3672046661376953,,21
0,6,train,32,2.6541097164154053,,15
0,6,train,32,2.3350141048431396,,19
0,6,train,32,2.4159770011901855,,22
0,6,train,32,2.6693336963653564,,18
0,6,train,32,2.5565085411071777,,18
0,6,train,32,2.276048183441162,,26
0,6,train,32,2.4514431953430176,,21
0,6,train,32,2.471811294555664,,19
0,6,train,32,2.6932482719421387,,16
0,6,train,32,2.63169264793396,,14
0,6,train,32,2.3903234004974365,,22
0,6,train,32,2.6791045665740967,,15
0,6,train,32,2.642974376678467,,17
0,6,train,32,2.705516815185547,,17
0,6,train,32,2.9100608825683594,,15
0,6,train,32,2.6570205688476562,,18
0,6,train,32,2.5453662872314453,,19
0,6,train,32,2.403383731842041,,21
0,6,train,32,2.5602099895477295,,19
0,6,train,32,2.375143051147461,,21
0,6,train,32,2.7352542877197266,,13
0,6,train,32,2.4082634449005127,,22
0,6,train,32,2.782445192337036,,15
0,6,train,32,2.299442768096924,,24
0,6,train,32,2.660372495651245,,19
0,6,train,32,2.585237979888916,,17
0,6,train,32,2.305424690246582,,20
0,6,train,32,2.8657703399658203,,11
0,6,train,32,2.685581684112549,,19
0,6,train,32,2.4933362007141113,,24
0,6,train,32,2.5239665508270264,,17
0,6,train,32,2.564175605773926,,15
0,6,train,32,2.7685437202453613,,17
0,6,train,32,2.266441822052002,,22
0,6,train,32,2.4269824028015137,,22
0,6,train,32,2.354485511779785,,20
0,6,train,32,2.7947874069213867,,17
0,6,train,32,2.7596771717071533,,16
0,6,train,32,2.2601797580718994,,19
0,6,train,32,2.5682644844055176,,18
0,6,train,32,2.4543912410736084,,18
0,6,train,32,2.3852450847625732,,25
0,6,train,32,2.461451530456543,,21
0,6,train,32,2.615278959274292,,17
0,6,train,32,2.4341306686401367,,22
0,6,train,32,2.246155023574829,,24
0,6,train,32,2.398024559020996,,20
0,6,train,32,2.6444058418273926,,17
0,6,train,32,2.5928919315338135,,18
0,6,train,32,2.778184413909912,,19
0,6,train,32,2.3284525871276855,,22
0,6,train,32,2.7131874561309814,,17
0,6,train,32,2.745512008666992,,18
0,6,train,32,2.4343998432159424,,19
0,6,train,32,2.2963430881500244,,19
0,6,train,32,2.2343950271606445,,27
0,6,train,32,2.5867044925689697,,18
0,6,train,32,2.4621567726135254,,21
0,6,train,32,2.3554513454437256,,19
0,6,train,32,2.618054151535034,,21
0,6,train,32,2.13997220993042,,23
0,6,train,32,2.5339713096618652,,18
0,6,train,32,2.590299129486084,,18
0,6,train,32,2.5192782878875732,,20
0,6,train,32,2.8298404216766357,,16
0,6,train,32,2.766672372817993,,16
0,6,train,32,2.162446975708008,,22
0,6,train,32,2.677123785018921,,20
0,6,train,32,2.329857110977173,,21
0,6,train,32,2.4738996028900146,,18
0,6,train,32,2.4711170196533203,,21
0,6,train,32,2.2992656230926514,,25
0,6,train,32,2.692021131515503,,16
0,6,train,32,2.4832465648651123,,20
0,6,train,32,2.578230857849121,,19
0,6,train,32,2.460966110229492,,18
0,6,train,32,2.217250347137451,,25
0,6,train,32,2.466217279434204,,20
0,6,train,32,2.4185471534729004,,18
0,6,train,32,2.7069263458251953,,19
0,6,train,32,2.5288279056549072,,21
0,6,train,32,2.690464496612549,,14
0,6,train,32,2.6788058280944824,,19
0,6,train,32,2.2559266090393066,,24
0,6,train,32,2.6515724658966064,,17
0,6,train,32,2.6959733963012695,,16
0,6,train,32,2.597538471221924,,18
0,6,train,32,2.3411827087402344,,22
0,6,train,32,2.764597177505493,,15
0,6,train,32,2.469341993331909,,24
0,6,train,32,2.679551601409912,,18
0,6,train,32,2.2638778686523438,,22
0,6,train,32,2.4417266845703125,,21
0,6,train,32,2.4132819175720215,,21
0,6,train,32,2.623096466064453,,15
0,6,train,32,2.1360528469085693,,21
0,6,train,32,2.4541611671447754,,19
0,6,train,32,2.4082062244415283,,16
0,6,train,32,2.4925358295440674,,22
0,6,train,32,2.492575168609619,,16
0,6,train,32,2.298769474029541,,23
0,6,train,32,2.3205370903015137,,21
0,6,train,32,2.3966188430786133,,22
0,6,train,32,2.3715059757232666,,23
0,6,train,32,2.2786996364593506,,21
0,6,train,32,2.6512486934661865,,18
0,6,train,32,2.363267421722412,,20
0,6,train,32,2.70320987701416,,16
0,6,train,32,2.5437068939208984,,19
0,6,train,32,2.7067084312438965,,17
0,6,train,32,2.5890703201293945,,18
0,6,train,32,2.7373178005218506,,14
0,6,train,32,2.243842601776123,,20
0,6,train,32,2.5967652797698975,,20
0,6,train,32,2.595614433288574,,17
0,6,train,32,2.4337339401245117,,21
0,6,train,32,2.121265411376953,,23
0,6,train,32,2.4901959896087646,,22
0,6,train,32,2.5685842037200928,,14
0,6,train,32,2.5828895568847656,,20
0,6,train,32,2.2728750705718994,,20
0,6,train,32,2.36261248588562,,20
0,6,train,32,2.507108688354492,,21
0,6,train,32,2.5299577713012695,,17
0,6,train,32,2.465066909790039,,17
0,6,train,32,2.4759840965270996,,18
0,6,train,32,2.5102791786193848,,17
0,6,train,32,2.125913619995117,,22
0,6,train,32,2.392284631729126,,20
0,6,train,32,2.543764591217041,,17
0,6,train,32,2.4126651287078857,,23
0,6,train,32,2.3081870079040527,,20
0,6,train,32,2.466930866241455,,20
0,6,train,32,2.432201862335205,,21
0,6,train,32,2.397171974182129,,19
0,6,train,32,2.3949880599975586,,20
0,6,train,32,2.605074882507324,,16
0,6,train,32,2.3593640327453613,,20
0,6,train,32,2.3939523696899414,,20
0,6,train,32,2.488614320755005,,18
0,6,train,32,2.5895774364471436,,17
0,6,train,32,2.5416817665100098,,19
0,6,train,32,2.4980688095092773,,19
0,6,train,5,2.939957618713379,,2
0,6,val,32,92.15957641601562,40.625,13
0,6,val,32,85.08645629882812,53.125,17
0,6,val,32,89.77051544189453,53.125,17
0,6,val,32,90.03402709960938,50.0,16
0,6,val,32,85.34878540039062,50.0,16
0,6,val,32,95.40381622314453,40.625,13
0,6,val,32,81.73989868164062,65.625,21
0,6,val,32,78.6410140991211,62.5,20
0,6,val,32,95.74388885498047,40.625,13
0,6,val,32,83.1072998046875,50.0,16
0,6,val,32,94.8056640625,50.0,16
0,6,val,32,87.9892807006836,46.875,15
0,6,val,32,79.06044006347656,56.25,18
0,6,val,32,79.52217102050781,68.75,22
0,6,val,32,91.3290786743164,50.0,16
0,6,val,32,88.6814193725586,43.75,14
0,6,val,32,85.11553192138672,53.125,17
0,6,val,32,79.80668640136719,53.125,17
0,6,val,32,98.61300659179688,31.25,10
0,6,val,32,83.50885009765625,53.125,17
0,6,val,32,90.33108520507812,50.0,16
0,6,val,32,84.21019744873047,56.25,18
0,6,val,32,90.49353790283203,53.125,17
0,6,val,32,98.25779724121094,46.875,15
0,6,val,32,89.36054992675781,37.5,12
0,6,val,32,96.50421905517578,34.375,11
0,6,val,32,95.24880981445312,34.375,11
0,6,val,32,88.22418212890625,43.75,14
0,6,val,32,88.0082015991211,46.875,15
0,6,val,32,97.8953628540039,43.75,14
0,6,val,32,90.3199234008789,46.875,15
0,6,val,32,100.56432342529297,40.625,13
0,6,val,32,92.27696228027344,34.375,11
0,6,val,32,91.93962097167969,43.75,14
0,6,val,32,87.33322143554688,50.0,16
0,6,val,32,83.636962890625,53.125,17
0,6,val,32,106.77503204345703,21.875,7
0,6,val,32,97.94633483886719,37.5,12
0,6,val,32,90.68990325927734,43.75,14
0,6,val,32,88.26605224609375,46.875,15
0,6,val,32,80.65567779541016,53.125,17
0,6,val,32,85.24821472167969,56.25,18
0,6,val,32,86.49714660644531,43.75,14
0,6,val,32,86.25858306884766,50.0,16
0,6,val,32,86.57579040527344,50.0,16
0,6,val,32,85.61441802978516,46.875,15
0,6,val,32,75.64956665039062,68.75,22
0,6,val,32,108.23152160644531,28.125,9
0,6,val,32,104.24029541015625,34.375,11
0,6,val,32,85.18522644042969,34.375,11
0,6,val,25,77.44439840316772,34.375,11
0,7,train,32,2.1416845321655273,,24
0,7,train,32,2.2938802242279053,,19
0,7,train,32,2.198580026626587,,23
0,7,train,32,2.288054943084717,,22
0,7,train,32,2.127595901489258,,26
0,7,train,32,1.9787118434906006,,27
0,7,train,32,2.3609068393707275,,25
0,7,train,32,1.8707993030548096,,27
0,7,train,32,2.2819676399230957,,17
0,7,train,32,2.632730722427368,,17
0,7,train,32,2.134551525115967,,21
0,7,train,32,2.0796561241149902,,23
0,7,train,32,2.244570732116699,,20
0,7,train,32,2.3382856845855713,,19
0,7,train,32,2.549933433532715,,18
0,7,train,32,2.1627557277679443,,25
0,7,train,32,2.016409397125244,,24
0,7,train,32,2.178915500640869,,23
0,7,train,32,2.241100788116455,,18
0,7,train,32,2.3310561180114746,,23
0,7,train,32,2.3118555545806885,,23
0,7,train,32,2.275430202484131,,21
0,7,train,32,2.246128797531128,,26
0,7,train,32,2.395491600036621,,23
0,7,train,32,2.2025980949401855,,21
0,7,train,32,2.3927268981933594,,19
0,7,train,32,2.153285026550293,,24
0,7,train,32,2.254199981689453,,22
0,7,train,32,2.352809429168701,,19
0,7,train,32,2.285566806793213,,21
0,7,train,32,2.2644906044006348,,23
0,7,train,32,2.101306438446045,,20
0,7,train,32,2.121480941772461,,23
0,7,train,32,2.2506325244903564,,21
0,7,train,32,2.1713333129882812,,23
0,7,train,32,2.2672502994537354,,24
0,7,train,32,2.1713898181915283,,24
0,7,train,32,2.097121000289917,,25
0,7,train,32,2.3186213970184326,,17
0,7,train,32,2.159071445465088,,22
0,7,train,32,2.3550708293914795,,20
0,7,train,32,2.2975258827209473,,24
0,7,train,32,2.221296548843384,,22
0,7,train,32,2.26824688911438,,19
0,7,train,32,2.2681851387023926,,23
0,7,train,32,2.1637864112854004,,23
0,7,train,32,2.1868603229522705,,25
0,7,train,32,2.209350109100342,,23
0,7,train,32,2.342211961746216,,22
0,7,train,32,2.2453479766845703,,25
0,7,train,32,2.2169430255889893,,22
0,7,train,32,2.037637710571289,,24
0,7,train,32,2.0790481567382812,,24
0,7,train,32,2.4475746154785156,,18
0,7,train,32,2.0723042488098145,,21
0,7,train,32,2.095367431640625,,22
0,7,train,32,2.2722761631011963,,20
0,7,train,32,2.1373252868652344,,24
0,7,train,32,2.5843842029571533,,19
0,7,train,32,2.2012243270874023,,19
0,7,train,32,2.189279079437256,,23
0,7,train,32,2.1989269256591797,,24
0,7,train,32,2.201779842376709,,23
0,7,train,32,2.716787815093994,,15
0,7,train,32,2.0242316722869873,,23
0,7,train,32,2.2946860790252686,,21
0,7,train,32,2.1094751358032227,,25
0,7,train,32,2.303049087524414,,19
0,7,train,32,2.310887336730957,,20
0,7,train,32,2.003617286682129,,26
0,7,train,32,2.386789321899414,,21
0,7,train,32,2.353809118270874,,21
0,7,train,32,1.9827383756637573,,25
0,7,train,32,2.5211007595062256,,18
0,7,train,32,2.160134792327881,,24
0,7,train,32,2.35805606842041,,21
0,7,train,32,2.1929376125335693,,23
0,7,train,32,2.20194935798645,,19
0,7,train,32,2.3200442790985107,,20
0,7,train,32,2.1980695724487305,,22
0,7,train,32,2.0106277465820312,,23
0,7,train,32,2.1026744842529297,,20
0,7,train,32,2.4206175804138184,,20
0,7,train,32,2.065415382385254,,24
0,7,train,32,2.0602753162384033,,25
0,7,train,32,2.3022825717926025,,19
0,7,train,32,2.5070881843566895,,18
0,7,train,32,2.340569019317627,,22
0,7,train,32,2.205890655517578,,22
0,7,train,32,2.424118995666504,,20
0,7,train,32,1.9946411848068237,,25
0,7,train,32,2.344313383102417,,20
0,7,train,32,2.362328290939331,,23
0,7,train,32,2.1904304027557373,,23
0,7,train,32,2.359323740005493,,23
0,7,train,32,2.5552849769592285,,17
0,7,train,32,2.214961051940918,,21
0,7,train,32,2.008450746536255,,26
0,7,train,32,2.612496852874756,,14
0,7,train,32,2.13670015335083,,22
0,7,train,32,2.1062862873077393,,23
0,7,train,32,2.2732224464416504,,19
0,7,train,32,2.3095803260803223,,20
0,7,train,32,2.593094825744629,,19
0,7,train,32,2.15885591506958,,22
0,7,train,32,2.2309207916259766,,22
0,7,train,32,2.1810004711151123,,19
0,7,train,32,2.2962772846221924,,20
0,7,train,32,2.3091137409210205,,23
0,7,train,32,2.159043550491333,,22
0,7,train,32,1.9638010263442993,,24
0,7,train,32,2.536738395690918,,19
0,7,train,32,2.3304176330566406,,20
0,7,train,32,1.9779547452926636,,27
0,7,train,32,2.266383647918701,,19
0,7,train,32,2.219500780105591,,21
0,7,train,32,2.100421667098999,,22
0,7,train,32,2.2701926231384277,,19
0,7,train,32,2.2555758953094482,,19
0,7,train,32,2.1906564235687256,,22
0,7,train,32,2.077591896057129,,28
0,7,train,32,1.9956378936767578,,23
0,7,train,32,2.2937169075012207,,19
0,7,train,32,1.6715474128723145,,28
0,7,train,32,2.152559995651245,,22
0,7,train,32,2.2610952854156494,,19
0,7,train,32,2.139131784439087,,24
0,7,train,32,2.4470009803771973,,17
0,7,train,32,1.9406185150146484,,25
0,7,train,32,2.175353527069092,,23
0,7,train,32,2.5275020599365234,,16
0,7,train,32,2.5375189781188965,,20
0,7,train,32,2.049149513244629,,25
0,7,train,32,2.2601747512817383,,21
0,7,train,32,2.101510524749756,,22
0,7,train,32,2.1601133346557617,,20
0,7,train,32,2.0344481468200684,,24
0,7,train,32,2.130526542663574,,25
0,7,train,32,2.3183059692382812,,19
0,7,train,32,2.278164863586426,,23
0,7,train,32,2.059556722640991,,24
0,7,train,32,2.268888235092163,,17
0,7,train,32,2.5146868228912354,,16
0,7,train,32,2.3615317344665527,,21
0,7,train,32,2.139974355697632,,21
0,7,train,32,2.14963436126709,,21
0,7,train,32,2.503598213195801,,18
0,7,train,32,2.2180631160736084,,23
0,7,train,32,2.1237757205963135,,24
0,7,train,32,2.3918142318725586,,19
0,7,train,32,2.315258741378784,,22
0,7,train,32,2.48348069190979,,19
0,7,train,32,2.2988243103027344,,17
0,7,train,32,2.1098320484161377,,23
0,7,train,32,2.2550089359283447,,20
0,7,train,32,2.343336343765259,,22
0,7,train,32,2.292785167694092,,20
0,7,train,32,2.270698308944702,,20
0,7,train,32,2.197145462036133,,21
0,7,train,32,2.353005886077881,,20
0,7,train,32,2.2245492935180664,,23
0,7,train,32,2.2225804328918457,,23
0,7,train,32,2.3396236896514893,,24
0,7,train,32,2.5152106285095215,,17
0,7,train,32,2.3025312423706055,,21
0,7,train,32,2.1464996337890625,,22
0,7,train,32,2.0979104042053223,,24
0,7,train,32,2.256587266921997,,22
0,7,train,32,2.1466917991638184,,23
0,7,train,32,2.3155574798583984,,19
0,7,train,32,2.1711902618408203,,20
0,7,train,32,2.309947967529297,,19
0,7,train,32,2.021296262741089,,24
0,7,train,32,1.8079254627227783,,25
0,7,train,32,2.3311915397644043,,22
0,7,train,32,2.2752463817596436,,23
0,7,train,32,2.1621432304382324,,21
0,7,train,32,2.160335063934326,,22
0,7,train,32,2.131605625152588,,21
0,7,train,32,2.1075146198272705,,23
0,7,train,32,2.356642007827759,,19
0,7,train,32,1.9467155933380127,,26
0,7,train,32,1.9611718654632568,,24
0,7,train,32,1.8876123428344727,,26
0,7,train,32,2.211082935333252,,22
0,7,train,32,2.334413528442383,,19
0,7,train,32,2.1470682621002197,,24
0,7,train,32,2.187617063522339,,22
0,7,train,32,1.9659919738769531,,24
0,7,train,32,2.344841718673706,,18
0,7,train,32,2.072650909423828,,25
0,7,train,32,2.312150001525879,,24
0,7,train,32,2.092845916748047,,24
0,7,train,32,2.4913735389709473,,22
0,7,train,32,2.3777737617492676,,21
0,7,train,32,2.4116060733795166,,18
0,7,train,32,2.0465660095214844,,22
0,7,train,32,2.2440216541290283,,21
0,7,train,32,2.086240291595459,,24
0,7,train,32,2.413421630859375,,18
0,7,train,32,2.0520951747894287,,23
0,7,train,32,2.1826729774475098,,22
0,7,train,32,2.170227527618408,,21
0,7,train,5,3.5461785793304443,,1
0,7,val,32,83.10421752929688,56.25,18
0,7,val,32,81.70045471191406,50.0,16
0,7,val,32,84.29974365234375,56.25,18
0,7,val,32,86.88384246826172,50.0,16
0,7,val,32,83.07945251464844,46.875,15
0,7,val,32,89.60810852050781,46.875,15
0,7,val,32,76.7392578125,59.375,19
0,7,val,32,72.54913330078125,65.625,21
0,7,val,32,92.67758178710938,43.75,14
0,7,val,32,75.93043518066406,62.5,20
0,7,val,32,87.57225799560547,59.375,19
0,7,val,32,82.33192443847656,56.25,18
0,7,val,32,71.17269134521484,59.375,19
0,7,val,32,76.64328002929688,65.625,21
0,7,val,32,87.44720458984375,59.375,19
0,7,val,32,85.6330795288086,43.75,14
0,7,val,32,81.2208023071289,46.875,15
0,7,val,32,75.70645141601562,56.25,18
0,7,val,32,96.11517333984375,34.375,11
0,7,val,32,79.51193237304688,46.875,15
0,7,val,32,81.84078979492188,46.875,15
0,7,val,32,78.76686096191406,53.125,17
0,7,val,32,81.72251892089844,62.5,20
0,7,val,32,92.8559341430664,50.0,16
0,7,val,32,85.6378173828125,43.75,14
0,7,val,32,91.83051300048828,34.375,11
0,7,val,32,90.04019165039062,40.625,13
0,7,val,32,79.70903015136719,50.0,16
0,7,val,32,82.2208480834961,46.875,15
0,7,val,32,93.58566284179688,50.0,16
0,7,val,32,85.1435546875,43.75,14
0,7,val,32,95.70291137695312,43.75,14
0,7,val,32,85.2547378540039,43.75,14
0,7,val,32,83.93844604492188,46.875,15
0,7,val,32,78.99922180175781,50.0,16
0,7,val,32,75.8115463256836,53.125,17
0,7,val,32,100.11166381835938,31.25,10
0,7,val,32,94.56642150878906,43.75,14
0,7,val,32,87.54043579101562,40.625,13
0,7,val,32,84.48051452636719,40.625,13
0,7,val,32,75.06503295898438,65.625,21
0,7,val,32,79.82167053222656,56.25,18
0,7,val,32,82.86898040771484,46.875,15
0,7,val,32,80.49797821044922,56.25,18
0,7,val,32,81.0938720703125,56.25,18
0,7,val,32,81.07862854003906,46.875,15
0,7,val,32,70.27691650390625,56.25,18
0,7,val,32,104.94618225097656,34.375,11
0,7,val,32,100.48919677734375,43.75,14
0,7,val,32,81.98522186279297,50.0,16
0,7,val,25,73.64692687988281,37.5,12
0,8,train,32,1.9208407402038574,,23
0,8,train,32,2.1840343475341797,,24
0,8,train,32,2.072051763534546,,25
0,8,train,32,2.0399370193481445,,25
0,8,train,32,2.258911609649658,,20
0,8,train,32,2.035123348236084,,26
0,8,train,32,1.9769253730773926,,23
0,8,train,32,2.010545492172241,,23
0,8,train,32,2.233799695968628,,20
0,8,train,32,2.021909475326538,,23
0,8,train,32,2.229306221008301,,23
0,8,train,32,2.0317180156707764,,25
0,8,train,32,1.9225131273269653,,26
0,8,train,32,1.8572607040405273,,24
0,8,train,32,1.7727200984954834,,26
0,8,train,32,2.272171974182129,,19
0,8,train,32,2.097496509552002,,23
0,8,train,32,2.10825252532959,,23
0,8,train,32,2.0856428146362305,,24
0,8,train,32,2.1984384059906006,,24
0,8,train,32,1.8478164672851562,,28
0,8,train,32,1.6878517866134644,,29
0,8,train,32,2.154482841491699,,23
0,8,train,32,2.00740385055542,,25
0,8,train,32,2.05242919921875,,24
0,8,train,32,2.063326120376587,,26
0,8,train,32,2.009885787963867,,25
0,8,train,32,2.086162805557251,,25
0,8,train,32,2.178069829940796,,23
0,8,train,32,1.8523337841033936,,29
0,8,train,32,2.201826333999634,,23
0,8,train,32,1.8533458709716797,,27
0,8,train,32,1.711551547050476,,25
0,8,train,32,2.117748737335205,,24
0,8,train,32,2.011991500854492,,22
0,8,train,32,1.8444732427597046,,27
0,8,train,32,1.859208583831787,,25
0,8,train,32,1.9997222423553467,,26
0,8,train,32,2.0317652225494385,,25
0,8,train,32,1.9583334922790527,,23
0,8,train,32,1.868586778640747,,27
0,8,train,32,1.7284600734710693,,29
0,8,train,32,1.8362948894500732,,25
0,8,train,32,1.9913569688796997,,22
0,8,train,32,2.2092463970184326,,21
0,8,train,32,2.025056838989258,,24
0,8,train,32,1.921618938446045,,27
0,8,train,32,1.8797297477722168,,25
0,8,train,32,1.924241065979004,,25
0,8,train,32,1.9303022623062134,,23
0,8,train,32,1.8765490055084229,,27
0,8,train,32,2.0300300121307373,,26
0,8,train,32,2.1261610984802246,,18
0,8,train,32,2.17000675201416,,21
0,8,train,32,2.0379679203033447,,24
0,8,train,32,2.032400369644165,,26
0,8,train,32,2.0877532958984375,,23
0,8,train,32,1.9502415657043457,,23
0,8,train,32,2.2124433517456055,,23
0,8,train,32,1.8749186992645264,,24
0,8,train,32,2.580153703689575,,19
0,8,train,32,2.0127980709075928,,22
0,8,train,32,2.0321009159088135,,22
0,8,train,32,1.8398115634918213,,24
0,8,train,32,2.1214678287506104,,25
0,8,train,32,2.0001113414764404,,24
0,8,train,32,1.8303083181381226,,25
0,8,train,32,1.9315061569213867,,24
0,8,train,32,1.9390363693237305,,25
0,8,train,32,1.9770619869232178,,27
0,8,train,32,1.8637385368347168,,27
0,8,train,32,2.168610095977783,,21
0,8,train,32,2.1795899868011475,,22
0,8,train,32,1.825131893157959,,25
0,8,train,32,2.13704514503479,,24
0,8,train,32,2.1818745136260986,,20
0,8,train,32,2.1675965785980225,,20
0,8,train,32,1.769203782081604,,28
0,8,train,32,2.2325615882873535,,21
0,8,train,32,2.2870216369628906,,21
0,8,train,32,1.8707249164581299,,28
0,8,train,32,1.8862738609313965,,25
0,8,train,32,2.347243070602417,,22
0,8,train,32,1.903123140335083,,23
0,8,train,32,2.1972758769989014,,20
0,8,train,32,2.3889429569244385,,15
0,8,train,32,1.9621057510375977,,26
0,8,train,32,1.86271333694458,,24
0,8,train,32,2.203629970550537,,21
0,8,train,32,2.0288941860198975,,20
0,8,train,32,1.957956075668335,,26
0,8,train,32,2.1403205394744873,,22
0,8,train,32,1.8389151096343994,,24
0,8,train,32,2.1065635681152344,,23
0,8,train,32,1.8984119892120361,,26
0,8,train,32,1.962453842163086,,25
0,8,train,32,1.9368491172790527,,24
0,8,train,32,1.819133996963501,,28
0,8,train,32,2.022073745727539,,22
0,8,train,32,2.1605780124664307,,24
0,8,train,32,2.133180618286133,,24
0,8,train,32,2.0036847591400146,,23
0,8,train,32,2.155388355255127,,21
0,8,train,32,1.9316909313201904,,25
0,8,train,32,2.118093252182007,,22
0,8,train,32,2.1779205799102783,,23
0,8,train,32,1.807647943496704,,23
0,8,train,32,1.9357104301452637,,24
0,8,train,32,1.9915601015090942,,25
0,8,train,32,1.9649584293365479,,26
0,8,train,32,1.7925670146942139,,26
0,8,train,32,2.210999011993408,,19
0,8,train,32,1.8367379903793335,,22
0,8,train,32,1.853576898574829,,26
0,8,train,32,1.8710033893585205,,25
0,8,train,32,2.0819153785705566,,21
0,8,train,32,1.7918694019317627,,25
0,8,train,32,2.1070148944854736,,24
0,8,train,32,1.987036943435669,,25
0,8,train,32,1.6394169330596924,,29
0,8,train,32,2.026679039001465,,24
0,8,train,32,2.14628005027771,,21
0,8,train,32,1.7767857313156128,,27
0,8,train,32,1.9901692867279053,,24
0,8,train,32,1.958099365234375,,24
0,8,train,32,1.7760980129241943,,27
0,8,train,32,1.904111385345459,,26
0,8,train,32,2.0987765789031982,,23
0,8,train,32,1.8712265491485596,,25
0,8,train,32,2.0561206340789795,,21
0,8,train,32,1.9637601375579834,,24
0,8,train,32,1.695363998413086,,28
0,8,train,32,2.056396722793579,,21
0,8,train,32,1.838536024093628,,25
0,8,train,32,1.927945613861084,,23
0,8,train,32,2.259666919708252,,21
0,8,train,32,2.169559955596924,,20
0,8,train,32,1.9737870693206787,,22
0,8,train,32,2.0780715942382812,,23
0,8,train,32,1.9513742923736572,,25
0,8,train,32,1.9842181205749512,,25
0,8,train,32,1.8999767303466797,,26
0,8,train,32,1.937335729598999,,24
0,8,train,32,1.9869823455810547,,22
0,8,train,32,1.9095078706741333,,23
0,8,train,32,2.0491886138916016,,24
0,8,train,32,2.1969237327575684,,20
0,8,train,32,2.260432720184326,,19
0,8,train,32,1.994593858718872,,23
0,8,train,32,1.6867938041687012,,31
0,8,train,32,1.7639281749725342,,28
0,8,train,32,1.8767317533493042,,25
0,8,train,32,2.1141867637634277,,20
0,8,train,32,1.9134881496429443,,23
0,8,train,32,2.087966203689575,,21
0,8,train,32,2.0671017169952393,,22
0,8,train,32,2.0884056091308594,,24
0,8,train,32,1.8382861614227295,,27
0,8,train,32,2.1787452697753906,,20
0,8,train,32,1.9034541845321655,,25
0,8,train,32,1.900468111038208,,24
0,8,train,32,2.1339480876922607,,22
0,8,train,32,2.03899884223938,,23
0,8,train,32,2.1447558403015137,,21
0,8,train,32,1.877528429031372,,24
0,8,train,32,1.9975500106811523,,25
0,8,train,32,2.0981197357177734,,22
0,8,train,32,1.7898128032684326,,26
0,8,train,32,2.0092992782592773,,22
0,8,train,32,1.8381102085113525,,27
0,8,train,32,2.0436553955078125,,20
0,8,train,32,2.0789425373077393,,24
0,8,train,32,1.773228406906128,,26
0,8,train,32,1.8964200019836426,,23
0,8,train,32,2.0799190998077393,,22
0,8,train,32,1.9695978164672852,,25
0,8,train,32,2.218843698501587,,20
0,8,train,32,1.9972476959228516,,23
0,8,train,32,1.8596699237823486,,24
0,8,train,32,2.0383167266845703,,23
0,8,train,32,2.2906384468078613,,20
0,8,train,32,2.128920555114746,,23
0,8,train,32,2.0235202312469482,,25
0,8,train,32,1.8013970851898193,,27
0,8,train,32,1.8780035972595215,,25
0,8,train,32,2.2925214767456055,,18
0,8,train,32,2.04021954536438,,22
0,8,train,32,2.0424766540527344,,20
0,8,train,32,1.9911339282989502,,21
0,8,train,32,1.7576963901519775,,25
0,8,train,32,2.1530635356903076,,23
0,8,train,32,2.0867114067077637,,19
0,8,train,32,2.1573798656463623,,23
0,8,train,32,1.9335641860961914,,27
0,8,train,32,2.1681761741638184,,19
0,8,train,32,1.8132565021514893,,26
0,8,train,32,1.9543652534484863,,23
0,8,train,32,2.1477739810943604,,20
0,8,train,32,2.058414936065674,,24
0,8,train,32,1.8954007625579834,,22
0,8,train,32,2.546877384185791,,17
0,8,train,32,2.0129339694976807,,25
0,8,train,32,1.9551644325256348,,25
0,8,train,5,2.749741554260254,,4
0,8,val,32,83.64385986328125,53.125,17
0,8,val,32,74.05130004882812,59.375,19
0,8,val,32,78.59397888183594,65.625,21
0,8,val,32,82.35066223144531,56.25,18
0,8,val,32,78.65179443359375,46.875,15
0,8,val,32,83.5854263305664,40.625,13
0,8,val,32,73.80708312988281,62.5,20
0,8,val,32,69.5306396484375,62.5,20
0,8,val,32,85.81217956542969,46.875,15
0,8,val,32,73.64102935791016,56.25,18
0,8,val,32,81.88341522216797,62.5,20
0,8,val,32,81.28425598144531,56.25,18
0,8,val,32,65.18508911132812,71.875,23
0,8,val,32,74.67338562011719,62.5,20
0,8,val,32,83.72004699707031,59.375,19
0,8,val,32,84.37264251708984,46.875,15
0,8,val,32,76.6839370727539,62.5,20
0,8,val,32,72.65485382080078,56.25,18
0,8,val,32,93.81050109863281,40.625,13
0,8,val,32,76.31306457519531,56.25,18
0,8,val,32,79.4437255859375,50.0,16
0,8,val,32,72.74192810058594,59.375,19
0,8,val,32,77.81047821044922,59.375,19
0,8,val,32,90.88719940185547,50.0,16
0,8,val,32,82.68228912353516,40.625,13
0,8,val,32,84.8243408203125,50.0,16
0,8,val,32,81.93038177490234,53.125,17
0,8,val,32,76.26174926757812,46.875,15
0,8,val,32,74.13653564453125,62.5,20
0,8,val,32,89.74173736572266,46.875,15
0,8,val,32,80.8219985961914,43.75,14
0,8,val,32,92.54747009277344,46.875,15
0,8,val,32,81.50674438476562,59.375,19
0,8,val,32,76.88742065429688,53.125,17
0,8,val,32,76.6195297241211,50.0,16
0,8,val,32,74.9920883178711,56.25,18
0,8,val,32,97.27750396728516,25.0,8
0,8,val,32,91.7746353149414,50.0,16
0,8,val,32,80.25407409667969,43.75,14
0,8,val,32,82.69778442382812,46.875,15
0,8,val,32,69.01024627685547,62.5,20
0,8,val,32,76.45115661621094,53.125,17
0,8,val,32,76.83416748046875,62.5,20
0,8,val,32,75.98932647705078,56.25,18
0,8,val,32,77.9034652709961,43.75,14
0,8,val,32,76.23994445800781,56.25,18
0,8,val,32,66.0677261352539,68.75,22
0,8,val,32,104.38200378417969,31.25,10
0,8,val,32,97.55329895019531,40.625,13
0,8,val,32,79.56946563720703,34.375,11
0,8,val,25,71.55161499977112,37.5,12
0,9,train,32,1.7783024311065674,,28
0,9,train,32,1.7808998823165894,,26
0,9,train,32,1.7116186618804932,,29
0,9,train,32,2.062164545059204,,24
0,9,train,32,2.081806182861328,,21
0,9,train,32,1.7527456283569336,,28
0,9,train,32,1.9025355577468872,,24
0,9,train,32,1.797818660736084,,29
0,9,train,32,1.706874132156372,,25
0,9,train,32,1.7354413270950317,,25
0,9,train,32,1.907092809677124,,24
0,9,train,32,1.935760736465454,,25
0,9,train,32,1.738304853439331,,26
0,9,train,32,1.8860721588134766,,26
0,9,train,32,2.1905789375305176,,22
0,9,train,32,1.9287123680114746,,23
0,9,train,32,1.9584426879882812,,28
0,9,train,32,1.871333360671997,,24
0,9,train,32,1.9733662605285645,,24
0,9,train,32,1.9003427028656006,,26
0,9,train,32,1.8287124633789062,,28
0,9,train,32,1.7521628141403198,,26
0,9,train,32,1.8340519666671753,,27
0,9,train,32,1.8441367149353027,,24
0,9,train,32,1.6801533699035645,,28
0,9,train,32,1.7426817417144775,,25
0,9,train,32,1.8295555114746094,,26
0,9,train,32,1.8894435167312622,,24
0,9,train,32,1.7538914680480957,,29
0,9,train,32,1.858615517616272,,24
0,9,train,32,1.8205289840698242,,27
0,9,train,32,1.7909696102142334,,27
0,9,train,32,1.98453688621521,,22
0,9,train,32,1.931747555732727,,26
0,9,train,32,1.995018720626831,,23
0,9,train,32,1.9282591342926025,,24
0,9,train,32,2.336019515991211,,20
0,9,train,32,1.7768933773040771,,26
0,9,train,32,1.5133614540100098,,30
0,9,train,32,1.697792410850525,,25
0,9,train,32,1.774770975112915,,24
0,9,train,32,1.953735113143921,,23
0,9,train,32,1.9654427766799927,,24
0,9,train,32,1.9664435386657715,,23
0,9,train,32,1.5591740608215332,,26
0,9,train,32,1.9360873699188232,,25
0,9,train,32,1.8089768886566162,,27
0,9,train,32,1.7446098327636719,,26
0,9,train,32,1.5246648788452148,,29
0,9,train,32,1.6689157485961914,,27
0,9,train,32,1.8939826488494873,,26
0,9,train,32,1.6333998441696167,,30
0,9,train,32,1.71953547000885,,30
0,9,train,32,2.1328530311584473,,19
0,9,train,32,2.0079362392425537,,21
0,9,train,32,1.600149393081665,,30
0,9,train,32,1.6265869140625,,29
0,9,train,32,1.6872074604034424,,26
0,9,train,32,1.7619740962982178,,24
0,9,train,32,1.8268954753875732,,26
0,9,train,32,1.687678575515747,,27
0,9,train,32,1.640686273574829,,29
0,9,train,32,1.9095358848571777,,27
0,9,train,32,1.861670732498169,,25
0,9,train,32,1.926782488822937,,24
0,9,train,32,1.9816728830337524,,21
0,9,train,32,1.8178329467773438,,25
0,9,train,32,1.7704311609268188,,26
0,9,train,32,2.165807008743286,,23
0,9,train,32,1.7803864479064941,,26
0,9,train,32,1.923708200454712,,22
0,9,train,32,1.8768374919891357,,22
0,9,train,32,1.8382704257965088,,23
0,9,train,32,2.275012254714966,,19
0,9,train,32,1.7521101236343384,,27
0,9,train,32,1.895450472831726,,23
0,9,train,32,1.8981410264968872,,25
0,9,train,32,2.0700595378875732,,24
0,9,train,32,1.8692646026611328,,26
0,9,train,32,1.9381816387176514,,24
0,9,train,32,1.9171741008758545,,27
0,9,train,32,1.9090807437896729,,26
0,9,train,32,2.1570308208465576,,24
0,9,train,32,1.5482263565063477,,30
0,9,train,32,1.9359514713287354,,24
0,9,train,32,1.6637693643569946,,26
0,9,train,32,1.7147531509399414,,26
0,9,train,32,1.8780837059020996,,26
0,9,train,32,1.611211895942688,,27
0,9,train,32,1.8420681953430176,,27
0,9,train,32,1.6656742095947266,,25
0,9,train,32,1.706146001815796,,26
0,9,train,32,1.627861738204956,,29
0,9,train,32,2.3920440673828125,,19
0,9,train,32,1.5992493629455566,,30
0,9,train,32,1.8224945068359375,,26
0,9,train,32,1.871422290802002,,23
0,9,train,32,1.7178778648376465,,25
0,9,train,32,1.7152462005615234,,25
0,9,train,32,1.7953836917877197,,24
0,9,train,32,1.5456963777542114,,30
0,9,train,32,1.7526050806045532,,25
0,9,train,32,1.7180202007293701,,28
0,9,train,32,1.775357723236084,,26
0,9,train,32,2.0675208568573,,24
0,9,train,32,1.8226218223571777,,26
0,9,train,32,1.8449280261993408,,24
0,9,train,32,2.2722346782684326,,20
0,9,train,32,1.8597218990325928,,26
0,9,train,32,1.6908721923828125,,29
0,9,train,32,1.5959059000015259,,29
0,9,train,32,1.64634108543396,,28
0,9,train,32,1.9694253206253052,,27
0,9,train,32,1.7628848552703857,,26
0,9,train,32,1.901155948638916,,25
0,9,train,32,1.8766722679138184,,25
0,9,train,32,1.589500904083252,,30
0,9,train,32,1.8749549388885498,,27
0,9,train,32,2.2042675018310547,,17
0,9,train,32,2.012638568878174,,27
0,9,train,32,1.947059154510498,,24
0,9,train,32,1.7121086120605469,,27
0,9,train,32,1.8000411987304688,,26
0,9,train,32,2.0408787727355957,,20
0,9,train,32,1.7264020442962646,,28
0,9,train,32,1.7202922105789185,,27
0,9,train,32,1.8348408937454224,,27
0,9,train,32,1.6644856929779053,,27
0,9,train,32,1.862396478652954,,24
0,9,train,32,1.757533073425293,,25
0,9,train,32,1.9225406646728516,,22
0,9,train,32,1.7972900867462158,,27
0,9,train,32,1.7727961540222168,,27
0,9,train,32,1.9740562438964844,,24
0,9,train,32,1.7496976852416992,,27
0,9,train,32,1.8794469833374023,,23
0,9,train,32,1.8937327861785889,,24
0,9,train,32,1.8124799728393555,,24
0,9,train,32,1.816173791885376,,28
0,9,train,32,2.0322394371032715,,23
0,9,train,32,1.773769736289978,,28
0,9,train,32,1.7402534484863281,,25
0,9,train,32,1.740602731704712,,26
0,9,train,32,1.6951415538787842,,27
0,9,train,32,1.610419511795044,,30
0,9,train,32,1.9805941581726074,,23
0,9,train,32,1.6475492715835571,,29
0,9,train,32,1.8917847871780396,,22
0,9,train,32,1.6267614364624023,,28
0,9,train,32,1.7088360786437988,,24
0,9,train,32,1.832000970840454,,27
0,9,train,32,1.8562722206115723,,25
0,9,train,32,1.6929231882095337,,29
0,9,train,32,2.0143380165100098,,23
0,9,train,32,1.7297322750091553,,24
0,9,train,32,1.8832147121429443,,24
0,9,train,32,1.6685634851455688,,27
0,9,train,32,1.7116562128067017,,27
0,9,train,32,1.5176270008087158,,28
0,9,train,32,1.3436959981918335,,31
0,9,train,32,1.6685552597045898,,27
0,9,train,32,1.5245051383972168,,30
0,9,train,32,1.8119083642959595,,25
0,9,train,32,1.7403500080108643,,24
0,9,train,32,1.7980306148529053,,24
0,9,train,32,1.5742831230163574,,30
0,9,train,32,1.7541558742523193,,26
0,9,train,32,2.0209310054779053,,25
0,9,train,32,1.7440167665481567,,27
0,9,train,32,1.6805897951126099,,27
0,9,train,32,1.7373924255371094,,24
0,9,train,32,1.620021104812622,,31
0,9,train,32,1.621661901473999,,28
0,9,train,32,1.975443959236145,,23
0,9,train,32,1.7570619583129883,,27
0,9,train,32,1.8246397972106934,,25
0,9,train,32,1.813993215560913,,27
0,9,train,32,1.6189286708831787,,27
0,9,train,32,1.7155659198760986,,27
0,9,train,32,1.5828988552093506,,30
0,9,train,32,1.6428148746490479,,29
0,9,train,32,1.7712600231170654,,27
0,9,train,32,1.6313197612762451,,30
0,9,train,32,1.7064306735992432,,27
0,9,train,32,1.6021091938018799,,26
0,9,train,32,1.7728456258773804,,26
0,9,train,32,1.829305648803711,,26
0,9,train,32,1.9002437591552734,,26
0,9,train,32,1.5852150917053223,,29
0,9,train,32,1.9869637489318848,,24
0,9,train,32,2.0458292961120605,,20
0,9,train,32,1.7076921463012695,,26
0,9,train,32,1.8639622926712036,,26
0,9,train,32,1.896503210067749,,25
0,9,train,32,1.796980857849121,,27
0,9,train,32,1.598435401916504,,26
0,9,train,32,1.640378475189209,,28
0,9,train,32,1.855031967163086,,24
0,9,train,32,1.7225892543792725,,29
0,9,train,32,1.851396083831787,,23
0,9,train,32,1.8628699779510498,,24
0,9,train,32,2.2163021564483643,,21
0,9,train,32,1.9016621112823486,,24
0,9,train,5,1.965735673904419,,5
0,9,val,32,83.82222747802734,59.375,19
0,9,val,32,72.72464752197266,59.375,19
0,9,val,32,76.38453674316406,68.75,22
0,9,val,32,80.83100128173828,59.375,19
0,9,val,32,78.42716979980469,50.0,16
0,9,val,32,83.16683959960938,43.75,14
0,9,val,32,73.60826110839844,65.625,21
0,9,val,32,68.12188720703125,62.5,20
0,9,val,32,87.01346588134766,50.0,16
0,9,val,32,71.84103393554688,59.375,19
0,9,val,32,80.05485534667969,62.5,20
0,9,val,32,79.89877319335938,59.375,19
0,9,val,32,65.43742370605469,75.0,24
0,9,val,32,73.69706726074219,65.625,21
0,9,val,32,82.82772827148438,62.5,20
0,9,val,32,83.23788452148438,46.875,15
0,9,val,32,75.64729309082031,59.375,19
0,9,val,32,73.28759002685547,56.25,18
0,9,val,32,92.81118774414062,37.5,12
0,9,val,32,74.64781188964844,56.25,18
0,9,val,32,77.54080200195312,53.125,17
0,9,val,32,72.25736999511719,59.375,19
0,9,val,32,76.11803436279297,59.375,19
0,9,val,32,89.66594696044922,53.125,17
0,9,val,32,81.9239730834961,37.5,12
0,9,val,32,85.65432739257812,46.875,15
0,9,val,32,81.72730255126953,53.125,17
0,9,val,32,73.31383514404297,53.125,17
0,9,val,32,74.71580505371094,62.5,20
0,9,val,32,90.20784759521484,46.875,15
0,9,val,32,79.9527587890625,46.875,15
0,9,val,32,92.29273986816406,43.75,14
0,9,val,32,81.65376281738281,59.375,19
0,9,val,32,75.06149291992188,53.125,17
0,9,val,32,76.54376220703125,50.0,16
0,9,val,32,74.74114990234375,53.125,17
0,9,val,32,96.00259399414062,31.25,10
0,9,val,32,91.03651428222656,50.0,16
0,9,val,32,81.35855865478516,43.75,14
0,9,val,32,83.40038299560547,43.75,14
0,9,val,32,68.37191009521484,59.375,19
0,9,val,32,74.36318969726562,56.25,18
0,9,val,32,76.07801818847656,62.5,20
0,9,val,32,76.47186279296875,56.25,18
0,9,val,32,76.79926300048828,56.25,18
0,9,val,32,75.49207305908203,62.5,20
0,9,val,32,64.5947265625,71.875,23
0,9,val,32,104.18861389160156,31.25,10
0,9,val,32,97.22221374511719,40.625,13
0,9,val,32,80.32649230957031,37.5,12
0,9,val,25,71.35318517684937,37.5,12
